unit_id,notif_type,comment
100101,1,"スタミナ全回復っ！あたしも元気満タンだよ！準備が出来たら、冒険へレッツゴー！"
100101,2,"ギルドハウスのスキップチケットがいっぱいだって！パパッとやっつけちゃうよー！"
100101,3,"騎士くん！ギルドハウスのスタミナがいっぱいだよ！困ってる人を助けるには体力が大事だよね！"
100101,4,"ギルドハウスのEXPポーションがいっぱいだね！たくさんもっともーっと飲んで強くなるぞー！"
100101,5,"ギルドハウスのマナがいっぱいになったよ！何に使うか迷っちゃうね！騎士くんはもう決めた？"
100101,6,"やっほー！ギルドハウスのアイテムがぜんぶいっぱいだよ！…もしかして騎士くん、忙しいの？"
100201,1,"騎士クン、スタミナが全回復したよ。…冒険に行くなら、わたしも連れて行って欲しいな"
100201,2,"ギルドハウスのスキップチケットがいっぱいだよ。これがあれば、あんまり戦わなくていいのかな？"
100201,3,"ギルドハウスのスタミナがいっぱいになったよ。…騎士クン。良かったら、一緒にお出かけしない？"
100201,4,"ギルドハウスのEXPポーションがいっぱいになったよ。少しでも、魔法が上手くなるといいな…"
100201,5,"ギルドハウスのマナがいっぱいになったよ。わたしもちょっとは強くなれるかな…？"
100201,6,"騎士クン。ギルドハウスのアイテムがいっぱいになってるから…一緒に、受け取りに行かない？"
100301,1,"スタミナが全回復したね。強くなるためには、実戦で経験を積むのが一番だ。さあ行こう！"
100301,2,"ギルドハウスのスキップチケットがいっぱいだ。敵を楽に倒せるのは、私たちが強くなった証拠だね"
100301,3,"ギルドハウスのスタミナがいっぱいだね。体力を持て余しているなら、修行に付き合って欲しいな"
100301,4,"ギルドハウスのEXPポーションがいっぱいだよ。たゆまぬ研鑽こそが、次の勝利への近道だよ"
100301,5,"ギルドハウスのマナがいっぱいだね。これで剣技により磨きをかけられる。まだまだ強くなれそうだ"
100301,6,"ギルドハウスで受け取れるアイテムがすべていっぱいだよ。早めに受け取っておくこと。いいね？"
100401,1,"にいちゃん、スタミナが全回復したよ！これでミソギと遊びに行けるね！"
100401,2,"ギルドハウスのスキップチケットがいっぱいになったみたい！よーし、にいちゃんと探険に出発だ～！"
100401,3,"ギルドハウスのスタミナがいっぱいになったよ！早くおいでよ、にいちゃん！"
100401,4,"ギルドハウスのEXPポーションがいっぱいだー！ミソギ、にいちゃんより大きくなっちゃうかも！？"
100401,5,"ギルドハウスのマナがいっぱいだよ！ミソギ、新しいイタズラグッズが欲しいな～"
100401,6,"ギルドハウスのアイテムがいっぱいだよ！早く受け取らないと、ミソギがもらっちゃうよ～♪"
100501,1,"スタミナが全回復したッス！ここからスーパーヒーロータイムの始まりッスね！"
100501,2,"ギルドハウスのスキップチケットがいっぱいになったみたいッス！これで冒険が捗るッスね！"
100501,3,"ギルドハウスのスタミナがいっぱいになったッスよ！さあ、世界の平和を守りに出発ッス！"
100501,4,"ギルドハウスのEXPポーションがいっぱいになったッス！絶対無敵のヒーローへの近道ッスね！"
100501,5,"ギルドハウスのマナがいっぱいになったッスね…ひ、ヒーローの人形とか買わないッスか！？"
100501,6,"ギルドハウスで受け取れるアイテムがいっぱいッスよ！回収して冒険の準備を整えるッス！"
100601,1,"スタミナが回復しましたよ。アカリ、またお兄ちゃんとしたいな～♪"
100601,2,"ギルドハウスのスキップチケットがいっぱいです。アカリといっしょにイキましょう～バトルに♪"
100601,3,"ギルドハウスのスタミナが回復したみたい。アカリ、もう待ちきれないです♪"
100601,4,"ギルドハウスのEXPポーションがいっぱいです。アカリ、まだまだ成長しちゃいますよ～♪"
100601,5,"ギルドハウスのマナがいっぱいになりましたよ～アカリ、欲しくてたまらないです～"
100601,6,"お兄ちゃん、いっぱいたまってますよ。ギルドハウスで受け取れるアイテム全部が♪"
100701,1,"スタミナが全回復したの～。とっととプリンを買いに行けなの～"
100701,2,"ギルドハウスのスキップチケットがいっぱいになったの！プリン探しの旅に出かけるの！"
100701,3,"ギルドハウスのスタミナがいっぱいなの～。全部プリンのために使うの～"
100701,4,"ギルドハウスのEXPポーションがいっぱいになったの～。プリンと一緒にミヤコによこすの～"
100701,5,"ギルドハウスのマナがいっぱいになったの！これでプリンがたくさん買えるの～！"
100701,6,"ギルドハウスで貰えるアイテムがいっぱいになったの。とっとと受け取ってミヤコにプリンを献上するの！"
100801,1,"スタミナが回復したようだね。コンディションがベストなボク…つまり完璧なる美ということだよ！"
100801,2,"ギルドハウスのスキップチケットがいっぱいだよ。バトルをスキップして、ボクをじっくり見なよ♪"
100801,3,"ギルドハウスのスタミナが回復したみたいだね。これで美しいボクを万全の状態で見られるね♪"
100801,4,"ギルドハウスのEXPポーションがいっぱいだって。ボクの美がもっと進化しちゃいそう♪"
100801,5,"ギルドハウスのマナがいっぱいだって。ボクへのプレゼントに使ってもいいよ♪"
100801,6,"ギルドハウスで受け取れるアイテムが、全部いっぱいのようだね。それ、全部ボクにくれるのかい？"
100901,1,"シグルドよ、我々のスタミナが全回復したぞ！今こそ前進の時！この疾風の冥姫が敵を蹂躙しよう！"
100901,2,"我々の根城のスキップチケットの貯蔵が限界に達したぞ！遠慮せずに受け取るがいい！"
100901,3,"我々の本拠地のスタミナが今にも溢れそうだ！活力を無駄にするなよ、シグルド！"
100901,4,"ギルドハウスのEXPポーションが補充されたな！更なる力を得て、最強へと近づこうではないか！"
100901,5,"我々のギルドハウスのマナが満杯だぞ！シグルドよ、当然私にも分けてくれるよな？"
100901,6,"ギルドハウスで受け取れるアイテムが限界まで貯まったな！貴様が受け取らないなら、私が頂くぞ？"
101001,1,"スタミナが全回復したみたいやわぁ。一緒にお出かけしまひょ♪"
101001,2,"ギルドハウスのスキップチケットがいっぱいらしいわぁ。楽になるんはええことやねぇ。"
101001,3,"ギルドハウスのスタミナがいっぱいやわぁ。王子はんさえよければ、一緒に見回りにいかへん？"
101001,4,"ギルドハウスのEXPポーションが余っとるんやねぇ。飲んだら、魔法が成功しやすくなるやろか？"
101001,5,"ギルドハウスのマナがいっぱいやわぁ。マナって宝石みたいで綺麗やねぇ♪"
101001,6,"ギルドハウスで受け取れるアイテムが、全部いっぱいどす。王子はんは、はんなりしてはるねぇ♪"
101101,1,"スタミナが回復したみたいですよ！冒険は準備簡単ですね！"
101101,2,"ギルドハウスのスキップチケットがいっぱいです！急がば周れ…バトルを周回しましょう！"
101101,3,"ギルドハウスのスタミナが回復したみたいです！備えあったらうれしいな！ですね"
101101,4,"ギルドハウスのEXPポーションがいっぱいです！良薬口ににんがし…あれ？どう意味？"
101101,5,"ギルドハウスのマナがいっぱいです！金は天からの貰い物…ですね！"
101101,6,"ギルドハウスで受け取れるアイテムがいっぱい！このままだと、宝のお餅が腐っちゃいますよ！"
101201,1,"きら～ん☆　スタミナ全回復～！一緒に困ってる人を助けに行こー！"
101201,2,"わわっ！ギルドハウスのスキップチケットがいっぱいだ！お昼寝の前にお散歩しに行こう～"
101201,3,"むむっ！ハツネちゃん感じるよ！ギルドハウスのスタミナが…いっぱいになりました！"
101201,4,"ギルドハウスのEXPポーションが満タンだよ！これで私の超能…ま、魔法がまた強くなるね！"
101201,5,"ギルドハウスのマナがいっぱいだ～！キミキミ、私にもわけて～"
101201,6,"スヤスヤ…ギルドハウスのアイテム…ぜんぶ…いっぱい…ぐぅ"
101301,1,"スタミナが全回復したでござるよ！いざ、定期巡回に参りましょうぞ！"
101301,2,"ギルドハウスのスキップチケットがいっぱいだね！よーし、伝説の魔導書を探しに行くなり～"
101301,3,"ギルドハウスのスタミナがいっぱいですと！？これは、魔法少女として動き出す時！？"
101301,4,"ギルドハウスのEXPポーションがマックスになったよ！魔法少女に成長はつきものですな！"
101301,5,"ギルドハウスのマナがいっぱいに！？よっしゃー、魔導書買い漁るぞ～！…え、ダメ？"
101301,6,"ギルドハウスで貰えるアイテムがいっぱいだってさ！アイテムはよ！はよ受け取ってクレメンス！"
101401,1,"スタミナが全回復したみたいだね。さあ、楽しい推理の時間の始まりだよ！行こう助手くん！"
101401,2,"ギルドハウスのスキップチケットがいっぱいになったね。推理の効率化に役立てよう！"
101401,3,"ギルドハウスのスタミナがいっぱいになったね。助手くん、これで長時間の調査も問題ないよ！"
101401,4,"ギルドハウスのEXPポーションがいっぱいになったね。レベルを上げて難解な謎に挑戦しよう！"
101401,5,"ギルドハウスのマナがいっぱいになったみたいだね。ありがたい、調査費用に使わせてもらおう！"
101401,6,"ギルドハウスで受け取れるアイテムが、すべていっぱいになったみたいだよ。これで推理が捗るね！"
101501,1,"スタミナが全回復したみたいね～。先生と一緒に遊びに行きましょうか♪"
101501,2,"あらあら、ギルドハウスのスキップチケットがいっぱいだわ。あなたといろんな所に行けるわね～"
101501,3,"ギルドハウスのスタミナがいっぱいみたい。さーて、先生をどこに連れて行ってくれるのかな～？"
101501,4,"ギルドハウスのEXPポーションがいっぱいだわ。みんなの成長が、私のなによりの幸せよ"
101501,5,"まぁ！ギルドハウスのマナがいっぱい！ふふっ、無駄遣いはしないようにね？"
101501,6,"ギルドハウスで受け取れるアイテムがぜーんぶ貯まったみたいね～。忘れずに回収しましょうね～"
101601,1,"スタミナが全回復したみたい！テンション、アゲアゲだね！"
101601,2,"ギルドハウスのスキップチケットがいっぱいみたい！勉強のスキップチケットはないのかな？"
101601,3,"ギルドハウスのスタミナがいっぱいだよ！今日はパーリーパリーだね☆"
101601,4,"ギルドハウスのEXPポーションがいっぱいだって！これでウチの成績も伸びないかな～"
101601,5,"ギルドハウスのマナがいっぱいだよ！二人でショッピングにレッツゴー！"
101601,6,"ギルドハウスで受け取れるアイテムが、全部いっぱいだよ！さー！派手にアゲて、冒険しちゃおうよ！"
101701,1,"ハイタ～イ！スタミナが全回復したし、私と見回りに行くさ～♪"
101701,2,"ギルドハウスのスキップチケットがいっぱいさ～。空手にも冒険にも素早い動きは大事さ～！"
101701,3,"ギルドハウスのスタミナがいっぱいだし、一緒に踊って、歌うさ～！"
101701,4,"ギルドハウスのEXPポーションがいっぱいになったさ～。これを飲めばみんな黒帯さ～！"
101701,5,"ギルドハウスのマナがいっぱいさ～。空手技に磨きをかけることもできるさ～！"
101701,6,"ギルドハウスで受け取れるアイテムが、すべていっぱいさ～。受け取るの手伝うよ～？"
101801,1,"スタミナが全回復したみたいね。今なら補習もたっぷりできそうね…ふふ、がんばりましょ♪"
101801,2,"ギルドハウスのスキップチケットがいっぱいみたい！でも補習授業はスキップできないわよ♪"
101801,3,"ギルドハウスのスタミナがいっぱいみたいね。それじゃあ授業を始めましょう♪"
101801,4,"ギルドハウスのEXPポーションがいっぱいみたい。あなたもドンドン成長しちゃうのね～"
101801,5,"ギルドハウスのマナがいっぱいね！放課後になったら、一緒にショッピングでもする？"
101801,6,"ギルドハウスで受け取れるアイテムが、全部いっぱいよ。万全な状態で、お勉強がんばりましょう♪"
102001,1,"えへへ、スタミナぜんかいふく～♪おにいちゃん、ミミとあそぼー？"
102001,2,"わ～、ギルドハウスのスキップチケットがいっぱい！ミミね、おにいちゃんとお散歩にいきたいな～"
102001,3,"るんたった～るんたった～♪ギルドハウスのスタミナいーっぱい♪おててつないでおでかけしよー？"
102001,4,"ギルドハウスのいーえっくすぴーポーションがいっぱいだよ！ミミ、おねえちゃんになれるかな？"
102001,5,"ん～、なににつかおっかな～。あ、おにいちゃん。ギルドハウスのマナがいっぱいになったよ～"
102001,6,"ギルドハウスのアイテムがぜんぶもらえるよ～。すごーい、ミミもほしいな～"
102101,1,"ス、スタミナが全回復したみたいですぅ…あ、遊んでほしいな…。"
102101,2,"ギルドハウスのスキップチケットがいっぱいですぅ…とっても便利って聞いたよぉ…？"
102101,3,"ギルドハウスのスタミナがいっぱいですぅ…。お、お兄ちゃん、冒険に行きますか…？"
102101,4,"ギルドハウスのEXPポーションがいっぱい…もっと料理が上手くなるかなぁ…？"
102101,5,"ギルドハウスのマナがいっぱいですぅ…無駄遣いしないでくださいね…？"
102101,6,"ギルドハウスで受け取れるアイテムが、全部いっぱいですぅ……お兄ちゃん、人気者ですね…♪"
102201,1,"スタミナが全回復したみたい！さぁ一緒にゲームを楽しみましょう！"
102201,2,"ギルドハウスのスキップチケットがいっぱいになったわ！これで効率的に攻略できるわね！"
102201,3,"ギルドハウスのスタミナがいっぱいになったわ！急いで攻略しないともったいないわよ！"
102201,4,"ギルドハウスのEXPポーションがいっぱいよ。成長すればステータスも上がる！楽しみね～"
102201,5,"ギルドハウスのマナがいっぱいよ。マナを使って色々揃えたら冒険が楽になるわよね！"
102201,6,"ギルドハウスで受け取れるアイテムがいっぱいよ！全部受け取って、冒険の役に立てましょう！"
102301,1,"スタミナが全回復したんだって！お兄ちゃん、一緒にあそぼ！"
102301,2,"ギルドハウスのスキップチケットがいっぱいだよ。いろんなところにお出かけできそうだね！"
102301,3,"ギルドハウスのスタミナがいっぱいだって。お兄ちゃん、一緒に探検に行こっ！"
102301,4,"ギルドハウスのEXPポーションがいっぱいだね！飲めば立派なお姉ちゃんになれるかな…？"
102301,5,"ギルドハウスのマナがいっぱい！お兄ちゃん、マナはとっても大事らしいよ！"
102301,6,"ギルドハウスで受け取れるアイテムが、全部いっぱいだって。贈り物が沢山あっていいなー！"
102501,1,"スタミナが全回復しましたよ～。お出かけするなら、ご一緒しませんか？"
102501,2,"ギルドハウスのスキップチケットがいっぱいです。お仕事もテキパキできたり…しませんよね？"
102501,3,"ギルドハウスのスタミナがいっぱいみたいです。私もあなたのことお待ちしてますよ。"
102501,4,"ギルドハウスのEXPポーションがいっぱいみたいですね～。経験を積めば、ドジも直せますか！？"
102501,5,"ギルドハウスのマナがいっぱいみたいですね～。救護院もこれくらい余裕があればいい暮らしが…！"
102501,6,"ギルドハウスで受け取れるアイテムがいっぱいですね。私が受け取って…はわっ、て、手がすべっ！"
102601,1,"スタミナが全回復したってさ～。ま、あたしは働かないけどね"
102601,2,"ギルドハウスのスキップチケットがいっぱいになったって～。んじゃ、あんパン買ってきてよ"
102601,3,"ギルドハウスのスタミナがいっぱいだよ。あたしの代わりに働いて来ておくれ～"
102601,4,"ギルドハウスのEXPポーションが貯まってるよ。あたしは成長してもぐうたらし続けるからね"
102601,5,"ギルドハウスのマナがいっぱいだってさ。ゲームと高級あんパンを買っとくれ"
102601,6,"ギルドハウスで受け取れるアイテムが、すべていっぱいになりました…ふぅ、お知らせだけで疲れた"
102701,1,"スタミナが全回復したようですわね。これであなた様で様々な実験ができますわ…クスクス♪"
102701,2,"ギルドハウスのスキップチケットがいっぱい…バトルをスキップして、二人でゆっくりしましょう"
102701,3,"ギルドハウスのスタミナが回復したみたいですわ。体力に満ちあふれたあなた様を…クスクス♪"
102701,4,"ギルドハウスのEXPポーションがいっぱいのようです。薬はよいものですわ…クスクス♪"
102701,5,"ギルドハウスのマナがいっぱいですわ。あなた様が何を買うかは、私が管理しますわね。"
102701,6,"ギルドハウスのアイテムが全部いっぱい…あなた様のものは私のもの、あなた様も私のものですわ♪"
102801,1,"あら、スタミナが全快してるわね。体力が余ってるなら、あたしの仕事、手伝ってくれない？"
102801,2,"ギルドハウスのスキップチケットがいっぱいよ、もったいない。早く取りに来なさい？"
102801,3,"んもぅ、ギルドハウスのスタミナが余ってるわよ。何をするにしても体力は重要だわ。"
102801,4,"ギルドハウスのEXPポーションがいっぱいね。経験は大事よ。成長するために不可欠なんだから。"
102801,5,"ギルドハウスのマナが限界まで貯まったわね。お金もマナも天下の回りもの。大事にしなさい。"
102801,6,"ギルドハウスで受け取れるアイテムが全部いっぱいね。こういうのサボると後で大変よ？"
102901,1,"スタミナが全回復したみたいだし、私のライブ、見に来て欲しいな♪"
102901,2,"ギルドハウスのスキップチケットがいっぱいになったよ。レッスンも効率的になるかな？"
102901,3,"ギルドハウスのスタミナがいっぱいだね。お出かけの誘いなら、いつでも待ってるよ♪"
102901,4,"ギルドハウスのEXPポーションがいっぱいみたい。アイドルとしてもっと成長できるかも！"
102901,5,"ギルドハウスのマナがいっぱいだね。よかったら一緒に舞台、見に行かない？"
102901,6,"ギルドハウスで受け取れるアイテムが、全部いっぱいだね。沢山の贈り物。アイドルみたいだね♪"
103001,1,"スタミナが全回復デース！天下統一を目指すのデス！"
103001,2,"ギルドハウスのスキップチケットがいっぱいデース！まさに忍法、ムササビの術デス！"
103001,3,"ギルドハウスのスタミナがいっぱいデース！きっと兵糧丸と同じ効果があるのデス！"
103001,4,"ギルドハウスのEXPポーションがいっぱいみたいデース！新たな忍法を閃きそうデス！"
103001,5,"ギルドハウスのマナがいっぱいのようデス！たくさん貯めて、お城を買うのデス！"
103001,6,"ギルドハウスで受け取れるアイテムが、すべていっぱいデス！全部、天下統一に必要なものデス！"
103101,1,"スタミナが全回復したみたいですね。彷徨う哀れな魂の救済に行きましょう"
103101,2,"ギルドハウスのスキップチケットがいっぱいですよ…と、あなたの後ろにいる女の子が言っています"
103101,3,"ギルドハウスのスタミナがいっぱいのようです。除霊の依頼が来ているので、手伝っていただけませんか？"
103101,4,"ギルドハウスのEXPポーションがいっぱいになりました。一人前の霊媒師に近づけるでしょうか？"
103101,5,"ギルドハウスのマナがいっぱいになったからなんか奢れ！…い、いまのは父の発言です"
103101,6,"私の占いによると、ギルドハウスで受け取れるアイテムが、すべていっぱいになったみたいです…"
103201,1,"スタミナが全回復したようですわ！時は金なりといいますし、さっそく参りましょう！"
103201,2,"ギルドハウスのスキップチケットがいっぱいですわね。これがあれば方向音痴も関係ないですわ！"
103201,3,"ギルドハウスのスタミナがいっぱいですわ。魔物討伐の際には、騎士として雇わせて貰えます？"
103201,4,"ギルドハウスのEXPポーションがいっぱいですわ！きっと商人としての経験も積めますわね！"
103201,5,"ギルドハウスのマナがいっぱいですわよ。家一軒くらい、買えるかもしれませんわ。"
103201,6,"ギルドハウスで受け取れるアイテムが、全部いっぱいですわね。あら、執事はいませんの？"
103301,1,"スタミナが全回復したべ。ささっ、お仕事の時間だべ！"
103301,2,"ギルドハウスのスキップチケットがいっぱいだべ！漫才の練習も効率的になるべか？"
103301,3,"ギルドハウスのスタミナがいっぱいになったべな。牧場の仕事、がんばるべ！"
103301,4,"ギルドハウスのEXPポーションがいっぱいだべさ。これでもっとみんなを笑わせられそうだべ！"
103301,5,"ギルドハウスのマナがいっぱいだど？　マナを受け取らないのはマナー違反だべ！"
103301,6,"ギルドハウスで受け取れるアイテムが、すべていっぱいだべな。何かお笑いに使えるべか？"
103401,1,"スタミナが全回復したみたいだし…わ、私に会いに来てくれたりしないかなぁ？"
103401,2,"ギルドハウスのスキップチケットがいっぱいよ。二日酔いの時間が短くなったりしないかしら…？"
103401,3,"ギ、ギルドハウスのスタミナがいっぱいみたいだし…一緒にお出かけ…する？"
103401,4,"ギルドハウスのEXPポーションがいっぱいね。まさか、飲んだら酔ったりしないわよね…。"
103401,5,"ギルドハウスのマナがいっぱいだわ。一杯飲みにいきましょ！あなたはジュースね♪"
103401,6,"ギルドハウスで受け取れるアイテムが、すべていっぱいね。わ、私もプレゼント欲しいなぁ…？"
103601,1,"スタミナが全回復しましたよ。お知らせをしてもらわないと忘れちゃうなんて、仕方のない人です"
103601,2,"ギルドハウスのスキップチケットがいっぱいです。宿題も終わったので、一緒にお出かけしましょう"
103601,3,"ギルドハウスのスタミナがいっぱいになりました。これで鉄棒のテストはバッチリですね"
103601,4,"ギルドハウスのEXPポーションがいっぱいです。ふふん、すぐに成長してあなたに追いつきますよ！"
103601,5,"ギルドハウスのマナがいっぱいですね。え？なにか買ってあげる？やっぱりふしんしゃさんですね"
103601,6,"ギルドハウスで貰えるアイテムがいっぱいです。こんなに貯めて…ちゃんと回収してくださいね？"
103701,1,"スタミナが全回復したね。任務開始といこうか。"
103701,2,"ギルドハウスのスキップチケットがいっぱいか。訓練も楽になるかもしれないね。"
103701,3,"ギルドハウスのスタミナがいっぱいだね。じゃあ、お仕事に行こうか。あなたも来るよね？"
103701,4,"ギルドハウスのEXPポーションがいっぱいだよ。もっと剣術に磨きをかけないとね。"
103701,5,"ギルドハウスのマナがいっぱいだ。自己研鑚に使ってもいいかもしれないね。"
103701,6,"ギルドハウスで受け取れるアイテムが、全部いっぱいだね。仕方ないな。待ってるから早く来てね？"
103801,1,"スタミナが全回復しました。これなら、少し遠くの本屋さんにも行けそうです"
103801,2,"ギルドハウスのスキップチケットがいっぱいになりました。身体に無理なく戦えそうです"
103801,3,"ギルドハウスのスタミナがいっぱいですね。体力をつければ、私もみんなの役に立てるでしょうか？"
103801,4,"ギルドハウスのEXPポーションがいっぱいです。私の体調も、少しは良くなるかな…"
103801,5,"ギルドハウスのマナがいっぱいになりましたね。これだけあれば、たくさん本が買えます"
103801,6,"ギルドハウスで貰えるアイテムがいっぱいになりました。受け取ったら、一緒に読書をしましょう"
104001,1,"スタミナが全回復したということで、友達を作りに行きましょう…！"
104001,2,"ギルドハウスのスキップチケットがいっぱいです…。友達作りに一歩近づけたかもしれません！"
104001,3,"ギ、ギルドハウスのスタミナがいっぱいですね。沢山冒険すれば、友達と出会えますか…？"
104001,4,"ギルドハウスのEXPポーションがいっぱいです。話術を鍛えれば、仲良くなれますか…？"
104001,5,"ギルドハウスのマナがいっぱいですね。マナを渡せば友達になってくれるかも…え、ダメですか？"
104001,6,"ギルドハウスで受け取れるアイテムが、すべていっぱいです。沢山の贈り物、羨ましいです…！"
104201,1,"スタミナが全回復しました。精霊のために歌う準備は出来てます。…アイドルの歌は、これからです"
104201,2,"ギルドハウスのスキップチケットがいっぱいになりました。人々を守るために、力を貸してください"
104201,3,"ギルドハウスのスタミナがいっぱいになりました。歌の練習に付き合ってもらえませんか？"
104201,4,"ギルドハウスのEXPポーションがいっぱいになりました。喉の調子が崩れなくなりますように…"
104201,5,"ギルドハウスのマナがいっぱいになりました。歌や技だけでなく、機材や装備も整えたいですね"
104201,6,"ギルドハウスで受け取れるアイテムが、すべていっぱいになりました。歌で伝えるべきでしょうか？"
104301,1,"スタミナが全回復したみたいだな。おい、出かけるぞ！"
104301,2,"ギルドハウスのスキップチケットがいっぱいだとさ。探索も楽に済ませちまおうぜ。"
104301,3,"ギルドハウスのスタミナがいっぱいらしいぜ。体力があり余ってんなら、戦いに行こうぜ！"
104301,4,"ギルドハウスのEXPポーションがいっぱいだな。更に強くなったあたしを見たいって？"
104301,5,"ギルドハウスのマナがいっぱいだな。まっ、パーッと使ってもいいんじゃねえの？"
104301,6,"ギルドハウスで受け取れるアイテムが、全部いっぱいだとさ。戦闘に役立つものもありそうだぜ？"
104401,1,"スタミナ全回復したようじゃな。わらわと共に、世界征服へ出陣じゃ！"
104401,2,"ギルドハウスのスキップチケットがいっぱいじゃな。脆弱な敵など、さっさと始末してしまおうぞ！"
104401,3,"ギルドハウスのスタミナが回復したようじゃな。補給線を確保できたし、存分に戦をしようぞ！"
104401,4,"ギルドハウスのEXPポーションがいっぱいじゃ。これを飲めば、大人の姿に戻れんかのう…"
104401,5,"ギルドハウスのマナがいっぱいじゃな。戦には軍費も必要…よい心がけじゃぞ♪"
104401,6,"ギルドハウスのアイテムがいっぱいじゃな。全てわらわへの献上品にしてもよいのじゃぞ？"
104501,1,"スタミナが全回復しました…体力の満ち溢れたドＳさんはクウカに…ぐふふ…"
104501,2,"ギルドハウスのスキップチケットがいっぱい…バトルを早く終わらせて、クウカになにを…？"
104501,3,"ギルドハウスのスタミナが全回復したのに、まだ取りに来ないなんて…焦らしているのですね？"
104501,4,"ギルドハウスのEXPポーションがいっぱいです。クウカはこれで成長して大人の階段を…ぐふふ…"
104501,5,"ギルドハウスのマナがいっぱい…はっ！も、もしやクウカをお買い求めになるのですか！？"
104501,6,"ギルドハウスのアイテムがいっぱいです…これらを使って、クウカにどんな辱めを…じゅるり…"
104601,1,"スタミナが回復したみたいにゃ。時は金なり！戻って1ルピでも多く稼ぐのにゃ～"
104601,2,"ギルドハウスのスキップチケットがいっぱいにゃ。これでアイテムをがっぽりゲットするにゃ～"
104601,3,"ギルドハウスのスタミナが回復したみたいにゃ。どんどんバトルして報酬を手に入れるのにゃ～"
104601,4,"ギルドハウスのEXPポーションがいっぱいにゃ。あたしもまだまだ成長中だからこれは助かるにゃ～"
104601,5,"ギルドハウスのマナがいっぱいにゃ。どんどん強くなってバリバリ儲けるにゃ～"
104601,6,"ギルドハウスで受け取れるアイテムがいっぱいみたいにゃ。早く受け取らないともったいないにゃ"
104701,1,"スタミナが全回復したか。戦いに赴くには十分のようだな。"
104701,2,"ギルドハウスのスキップチケットがいっぱいだ。任務遂行には有用だと思うが。"
104701,3,"ギルドハウスのスタミナがいっぱいだな。体力が有り余っているなら訓練に励むのはどうだ？"
104701,4,"ギルドハウスのEXPポーションがいっぱいだな。正義を行うには強さも必要だぞ。"
104701,5,"ギルドハウスのマナがいっぱいだ。君を待っている間、銅像と勘違いされてしまったよ…。"
104701,6,"ギルドハウスで受け取れるアイテムが、すべていっぱいだ。君が取りに来るまで見張っていよう。"
104801,1,"スタミナが全回復したみたいね。さあ、がっちり稼ぎに行きましょう！"
104801,2,"ギルドハウスのスキップチケットがいっぱいになったわ。効率的に使いましょうね！"
104801,3,"ギルドハウスのスタミナがいっぱいになったみたいね。早めに受け取って、お得に使いましょう！"
104801,4,"ギルドハウスのEXPポーションがいっぱいになったわ。レベルを上げて効率アップよ！"
104801,5,"ギルドハウスのマナがいっぱいになったわ。効率的な冒険に役立てましょう！"
104801,6,"ギルドハウスで受け取れるアイテムが、すべていっぱいになったわ。効率アップに役立てましょう！"
104901,1,"スタミナが全回復したよ～♪お姉ちゃんとピクニック…じゃない、冒険に行こう！"
104901,2,"ギルドハウスのスキップチケットがいっぱいだよ～これで弟くんは危ない戦闘をしなくて済むね！"
104901,3,"ギルドハウスのスタミナが回復したよ～！お姉ちゃんといっしょに、冒険にしゅっぱーつ！"
104901,4,"ギルドハウスのEXPポーションがいっぱいだよ！成長した弟くん、お姉ちゃん楽しみにしてるね！"
104901,5,"ギルドハウスのマナがいっぱいよ。マナを無駄遣いしないように、お姉ちゃんが見ててあげる♪"
104901,6,"ギルドハウスのアイテムがいっぱい！これ全部弟くんのもの！もちろんお姉ちゃんも弟くんのだよ！"
105001,1,"スタミナが全回復したわよ！紳士らしく、アタシをエスコートしてちょうだい！"
105001,2,"ギルドハウスのスキップチケットがいっぱいになったわ。当然、素敵な所に案内してくれるのよね？"
105001,3,"ほら、ギルドハウスのスタミナがいっぱいよ！こういう気遣いができるなんて、アタシって大人よね"
105001,4,"ギルドハウスのEXPポーションがいっぱいだわ！これ以上成長したら、アタシどうなっちゃうの～"
105001,5,"ギルドハウスのマナがいっぱいね！せっかくだし、オシャレなカフェにでも連れて行ってよ！"
105001,6,"ギルドハウスのアイテムがぜんぶ貯まってるって！アタシが教えないと忘れてたでしょ？ドジね～"
105101,1,"あら、スタミナが全回復したのね。元気になったのなら、また実験に付き合ってくれるかしら？"
105101,2,"ギルドハウスのスキップチケットがいっぱいよ。二度手間は避けたいし、活用していきましょう"
105101,3,"ギルドハウスのスタミナがいっぱいよ。気のせいかしら、最近体力が落ちて…今のは忘れなさい♪"
105101,4,"ギルドハウスのEXPポーションがいっぱいになったわね。どんな経験も成長の糧になるものよ"
105101,5,"ギルドハウスのマナがいっぱいになったわよ。…もちろん私にくれるのよね？"
105101,6,"ギルドハウスで貰えるアイテムが全部いっぱいだわ。…ひょっとしてキミ、焦らすのが好きなの？"
105201,1,"スタミナが全回復したのね！一緒に、お仕事しましょ～♪"
105201,2,"ギルドハウスのスキップチケットがいっぱい！お仕事がとっても楽になるみたいね！"
105201,3,"ギルドハウスのスタミナがいっぱいみたいよ～。えへへ、いっぱいお喋りしましょ♪"
105201,4,"ギルドハウスのEXPポーションがいっぱいみたいね。もしかしたら人間の姿になれるかしら…？"
105201,5,"ギルドハウスのマナがいっぱいだわ！たっくさんキラキラしてて素敵ね！"
105201,6,"ギルドハウスで受け取れるアイテムが、全部いっぱい！人気者でいいわね♪　"
105301,1,"スタミナが全回復したな！休んでいる暇はないぞ。私と冒険に出かけるのだ！"
105301,2,"ギルドハウスのスキップチケットがいっぱいだ！効率的に冒険を行えば、より強くなれるぞ！"
105301,3,"ギルドハウスのスタミナがいっぱいだぞ！さあ、共に鍛錬を始めるのだ！"
105301,4,"ギルドハウスのEXPポーションがいっぱいだな！す、少しくらい身長が伸びないだろうか…。"
105301,5,"ギルドハウスのマナがいっぱいだ。受け取っておけ。何をするにも必要になるぞ？"
105301,6,"ギルドハウスで受け取れるアイテムが、すべていっぱいだな。使えそうなものが沢山あるぞ？"
105401,1,"騎士さん！スタミナが全回復しました！ボサッとしないで、早く行きますよ！"
105401,2,"ギルドハウスのスキップチケットがいっぱいですよ！どんどん使っていきましょう！…え？ダメ？"
105401,3,"ギルドハウスのスタミナがいっぱいになりました！これで服作りもライブ運営も余裕でこなせます！"
105401,4,"ギルドハウスのEXPポーションがいっぱいです！縫製の技術を極めて、あんな服やこんな服を…！"
105401,5,"ギルドハウスのマナがいっぱいですよ！レイ様にプレゼントする気じゃ…私？い、いいですよ別に！"
105401,6,"ギルドハウスで受け取れるアイテム、すべていっぱいになりました！騎士さーん？聞いてますかー？"
105501,1,"先輩、スタミナが全回復しましたよ！　…よし、練習はバッチリ…"
105501,2,"ジー…ギルドハウスのスキップチケットがいっぱいだけど、先輩気付いてるかな？"
105501,3,"ギ、ギルドハウスのスタミナが…いっぱいです！　…い、言えたぁ！"
105501,4,"ギルドハウスのEXPポーションがいっぱいになったって、先輩に伝えたいな…"
105501,5,"ギルドハウスのマナがいっぱいです！　先輩はなにに使うんだろう…たぶん、アレかな？"
105501,6,"ギルドハウスで受け取れるアイテムが、すべていっぱいですね…私、ずっと観察してました"
105601,1,"スタミナ全回復だとよ、お前さん。手が足りない時はあたしを呼びな。加勢するよ"
105601,2,"ギルドハウスのスキップチケットがいっぱいだよ。楽出来ていいね。昼寝してても怒られなさそうだ"
105601,3,"ギルドハウスのスタミナがいっぱいじゃないか。暇なのはいいけど、時々は体を動かさないとね"
105601,4,"ギルドハウスのEXPポーションがいっぱいだ。お前さんが強くなれって言うなら、そうするよ"
105601,5,"ギルドハウスのマナがいっぱいだね。ソイツをどう扱うかは、お前さんの好きにしな"
105601,6,"お前さん。ギルドハウスで受け取れるアイテムがいっぱいだ。時々はパーッと景気よく使うんだよ"
105701,1,"スタミナが全回復したよ！立派な騎空士になるため、これからも一緒に頑張ろうね！"
105701,2,"ギルドハウスのスキップチケットがいっぱいだよ！空が飛べたら旅もこれくらい簡単になるのかな？"
105701,3,"ギルドハウスのスタミナがいっぱいになったよ！今ならどんな依頼でもこなせそうな気がする！"
105701,4,"ギルドハウスのEXPポーションがいっぱいだよ！強くなって、父さんみたいな騎空士になるんだ！"
105701,5,"ギルドハウスのマナがいっぱいになったよ！これを貯めておいたら、騎空艇が買えないかな？"
105701,6,"ギルドハウスで受け取れるアイテムがいっぱいだよ！色んな物があるけど、全部大切に使おうね！"
105801,1,"スタミナ全回復です！でもお腹はぺこぺこです、ご飯行きましょう！"
105801,2,"ギルドハウスのスキップチケットがいっぱいですね～。ご飯もチケットも余らせるともったいない！"
105801,3,"スタミナが有り余ってますよ！わたしにもギルドハウスにも！"
105801,4,"ギルドハウスのEXPポーションが沢山です！ささっ、ぐいっといっちゃってください！"
105801,5,"おや、ギルドハウスのマナが余っちゃってますよ～！…マナって食べられるんでしょうか？"
105801,6,"ギルドハウスで受け取れるアイテムが、すべていっぱいですね！食べ物は入ってませんか！？"
105901,1,"スタミナが全回復したようですね。お出かけするのでしたらどこまででもお供しますよ。"
105901,2,"ギルドハウスのスキップチケットがいっぱいでございます。冒険のお供にいかがでしょうか？"
105901,3,"ギルドハウスのスタミナがいっぱいです。ふふ、主さまは元気いっぱいでございますね。"
105901,4,"ギルドハウスのEXPポーションがいっぱいです。主さまをお守りするためにも成長しなくては…！"
105901,5,"ギルドハウスのマナがいっぱいですね。これほどお稼ぎになるとは、さすが主さまですね…♪"
105901,6,"ギルドハウスで受け取れるアイテムが全部いっぱいです。沢山、頑張られたのですね、主さま。"
106001,1,"スタミナ全快ね。何してんのよ。さっさと冒険に行きましょ？"
106001,2,"ギルドハウスのスキップチケットがいっぱいみたいね。出かけるなら取っておきなさいよ。"
106001,3,"ギルドハウスのスタミナがいっぱいだし、探索に行くわよ。ほら、あたしについて来なさい！"
106001,4,"ギルドハウスのEXPポーションがいっぱいね。あたしがもっと強くなっちゃうわね♪"
106001,5,"ギルドハウスのマナがいっぱいよ。色々と役に立つし、持っておいて損はないんじゃない？"
106001,6,"ギルドハウスで受け取れるアイテムが、全部いっぱいね。受け取ったら、冒険の準備をしなさいよ！"
106101,1,"スタミナ全回復したし、冒険に行くぞっ！　早く準備しないと置いてくからなっ！"
106101,2,"ギルドハウスのスキップチケットがいっぱいだぞ！　面倒くさいことはちゃっちゃと終わらせて、クレープでも食いに行くぞ！"
106101,3,"ギルドハウスのスタミナがいっぱいだな！　これだけあれば好き放題できそうだ！　…そうでもないか？"
106101,4,"ギルドハウスのEXPポーションがいっぱいだ！　使わないならちょっとくらい分けてくれるよな？"
106101,5,"ギルドハウスのマナがいっぱいだ！　これで少しは身長が伸びればいいんだけどなー…試してみるか！"
106101,6,"ギルドハウスで受け取れるアイテムがいっぱいだぞ！　忙しいならアタシがもらっといてやるよ！　…ちゃんと渡すにきまってるだろ！"
106301,1,"スタミナが全回復したよ！よーし、ロザリアを探しに行こう！"
106301,2,"ギルドハウスのスキップチケットがいっぱいになってるよ！ランドソルの外、連れて行ってほしいな"
106301,3,"ギルドハウスのスタミナがいっぱいだって！森番の訓練に付き合ってよ！"
106301,4,"ギルドハウスのEXPポーションがいっぱいみたい！これで、一人前の森番に近づけるかな？"
106301,5,"ギルドハウスのマナがいっぱいだね！ちょうど矢がなくなりそうだったんだ～"
106301,6,"ギルドハウスで貰えるアイテムがいっぱいだよ！早く回収しないと、もったいないよー！"
107101,1,"スタミナとやらが回復したみたいだ。愉快なことがあるなら、少しくらい付きあってもいいぞ？"
107101,2,"ギルドハウスのスキップチケットがいっぱいのようだな。楽しい戦いをスキップするなんてワタシには理解できんがね…。"
107101,3,"ギルドハウスのスタミナがいっぱいらしいな。これがあれば、肉を断ち切る感触を味わえるのか？"
107101,4,"ギルドハウスのEXPポーションがいっぱいのようだ。ふん、ワタシがこれ以上強くなったら、どうなっても知らんぞ？"
107101,5,"ギルドハウスのマナがいっぱいだな。オマエがくれると言うのなら、まぁ好きに使わせてもらおうか。"
107101,6,"ギルドハウスで受け取れるアイテムがいっぱいだぞ。すべてオマエのものだ。さっさと受け取るがいい。"
107501,1,"スタミナが全回復しましたよ☆これで泳ぎに行けますね！"
107501,2,"ギルドハウスのスキップチケットがいっぱいですね！よーし、海の幸を捕りに行きましょう！"
107501,3,"ギルドハウスのスタミナがいっぱいですよ！海まで競争しましょう！"
107501,4,"ギルドハウスのEXPポーションがいっぱいですよ♪これ以上成長したら、水着が…ヤバいです！"
107501,5,"ギルドハウスのマナがいっぱいになりました！わたし、南国フルーツが食べたいです！"
107501,6,"ギルドハウスで受け取れるアイテムが、すべていっぱいになりました！ヤバいですね☆"
107601,1,"スタミナが全回復でございます。海で主さまを待っていますね"
107601,2,"ギルドハウスのスキップチケットがいっぱいのようです。主さまと二人で、少し遠くに行きたいです"
107601,3,"ギルドハウスのスタミナがいっぱいでございます。一緒に泳ぎの練習をいたしましょう"
107601,4,"ギルドハウスのEXPポーションがいっぱいですね。わたくし、大きくなれますでしょうか？色々と…"
107601,5,"ギルドハウスのマナがいっぱいです。たまには、贅沢をするのもいいかもしれませんね♪"
107601,6,"ギルドハウスで貰えるアイテムがいっぱいです。わたくしも、受け取るのをお手伝いいたします♪"
107701,1,"あ！　スタミナがふぎゅっ！…ス、スタミナが全回復しましたぁ…"
107701,2,"ギルドハウスのスキップチケットがいっぱいです！私も、海で遊びたいなぁ"
107701,3,"ギルドハウスのスタミナがいっぱいになりました！水着でも、頑張ってご奉仕しますよ！"
107701,4,"ギルドハウスのEXPポーションがいっぱいです！これで、ダメダメイドを卒業しますよ！"
107701,5,"ギルドハウスのマナがいっぱいみたいですね！海の家でお待ちしてますね♪"
107701,6,"ギルドハウスで受け取れるアイテムがいっぱいです！私が取ってきましょうか？…え？不安？"
107801,1,"ほら、スタミナが全回復してるじゃない！早く戻ってきなさいよ！"
107801,2,"ギルドハウスのスキップチケットがいっぱいよ！とっととあたしを海に連れて行きなさい！"
107801,3,"ギルドハウスのスタミナがいっぱいじゃない！さ、バカンスに行きましょう！"
107801,4,"ギルドハウスのEXPポーションがいっぱいよ！あたし、もっと強くなっちゃうかも！"
107801,5,"ギルドハウスのマナがいっぱいね。使いどころは考えなさいよ？"
107801,6,"ギルドハウスで受け取れるアイテムがいっぱいよ。あんたは忘れっぽいから、あたしが教えてあげる"
107901,1,"スタミナが回復したみたいにゃ。あたしの水着を見たいなら早く戻るのにゃ～"
107901,2,"ギルドハウスのスキップチケットがいっぱいになったにゃ！　これで珍しいアイテムをゲットするにゃ～"
107901,3,"ギルドハウスのスタミナが回復したみたいにゃ。キミもあたしのたい焼きを食べてスタミナをつけるのにゃ！"
107901,4,"ギルドハウスのEXPポーションがいっぱいだにゃ。早速、夏の冒険に出発するにゃ～！"
107901,5,"ギルドハウスのマナがいっぱいになったにゃ。これで海の魔物もどんどん退治できるにゃ～！"
107901,6,"ギルドハウスで受け取れるアイテムがいっぱいみたいにゃ。早く来ないとあたしがもらっちゃうにゃ～"
108001,1,"スタミナが全回復したわね。海の冒険は体力勝負だから、助かるわね！"
108001,2,"ギルドハウスのスキップチケットがいっぱいになったみたいよ。夏の海に繰り出しましょう！"
108001,3,"ギルドハウスのスタミナがいっぱいになったわ。夏バテ知らずで冒険ができそうね！"
108001,4,"ギルドハウスのEXPポーションがいっぱいになったわね。さあ、レベルを上げて海を制するわよ！"
108001,5,"ギルドハウスのマナがいっぱいになったみたいね。夏の冒険に役立てましょう！"
108001,6,"ギルドハウスで受け取れるアイテムが、すべていっぱいになったわ。海の効率を極めるわよ～！"
108101,1,"スタミナが全回復しました…父が、ハロウィンコスプレの女の子を眺めに外出したいと言っています"
108101,2,"ギルドハウスのスキップチケットがいっぱいになりました…ハロウィンの冒険に役立ててくださいね"
108101,3,"ギルドハウスのスタミナがいっぱいになりましたね。では、ハロウィンパーティーを始めましょう"
108101,4,"ギルドハウスのEXPポーションがいっぱいになりました…これでハロウィンの悪霊を退治できますね"
108101,5,"ギルドハウスのマナがいっぱいになりましたね。ハロウィンで配るお菓子を買いに行きませんか？"
108101,6,"ギルドハウスで受け取れるアイテムがいっぱいになりましたね。ハロウィンの冒険を始めませんか？"
108201,1,"スタミナが全回復したの！ハロウィン限定プリンを買いに行くの～"
108201,2,"トリックオアプリ～ン♪ギルドハウスのスキップチケットがいっぱいなの～"
108201,3,"ギルドハウスのスタミナがいっぱいなの！早くハロウィンパーティーに行くの！"
108201,4,"ギルドハウスのEXPポーションがいっぱいなの。イタズラされたくなければ、早く受け取るの！"
108201,5,"ギルドハウスのマナがいっぱいなの～。これでプリンやお菓子がたくさん買えるの！"
108201,6,"ギルドハウスで貰えるアイテムがいっぱいなの！とっとと受け取ってハロウィンするの！"
108301,1,"スタミナが全回復したわよ。ハロウィンの街に繰り出しましょ！"
108301,2,"ギルドハウスのスキップチケットがいっぱいだわ！さ、アタシをデートに連れて行きなさい？"
108301,3,"ギルドハウスのスタミナがいっぱいね。お菓子を貰いに行きましょ。あんたが食べたそうにしてるし"
108301,4,"ギルドハウスのEXPポーションがいっぱいね！成長して、魔性の女になっちゃうわ♪"
108301,5,"ギルドハウスのマナがいっぱいじゃない！…なによ？はしゃいでなんてないわよ！"
108301,6,"ギルドハウスで貰えるアイテムがいっぱいだわ！お菓子もこれも、受け取り忘れないようにね！"
108401,1,"スタミナが全回復しましたね。これで聖夜のステージを歌い切れます…聴いてくださいね。"
108401,2,"ギルドハウスのスキップチケットがいっぱいになりましたね。聖夜の贈り物、大切に使いましょう！"
108401,3,"ギルドハウスのスタミナがいっぱいになりましたね。サンタさんからのプレゼントでしょうか？"
108401,4,"ギルドハウスのEXPポーションがいっぱいになりましたね。これでもっと素敵な聖歌が歌えるかも…"
108401,5,"ギルドハウスのマナがいっぱいになりましたね。ふふ、クリスマスパーティーをしましょうか？"
108401,6,"ギルドハウスで受け取れるアイテムが、いっぱいになりましたね。聖夜の冒険に役立てましょう！"
108501,1,"スタミナが全回復したみたい…お、お兄ちゃん、クリスマスの町を一緒に歩きませんか…？"
108501,2,"ギルドハウスのスキップチケットがいっぱいですぅ…。このチケットで、クリスマスの舞台が観れたらいいなぁ…♪"
108501,3,"ギルドハウスのスタミナがいっぱいですぅ…。あの…よかったらお芝居の練習を手伝ってくれませんか…？"
108501,4,"ギルドハウスのEXPポーションがいっぱい…成長すれば、人見知りとか口下手も治ったりするのかなぁ…？"
108501,5,"ギルドハウスのマナがいっぱい…。クリスマスですし、無駄遣いしても、ちょっとだけなら黙っていてあげますぅ♪"
108501,6,"ギルドハウスで受け取れるアイテムが、全部いっぱい…。きっと、お兄ちゃんへのクリスマスプレゼントですね…♪"
108601,1,"スタミナ全回復～♪お兄ちゃん、一緒にクリスマスのお買い物に行こうよ～！"
108601,2,"ギルドハウスのスキップチケットがいっぱいだよぉ！おっきな広場にお出かけして、雪だるまとか作りたいなー♪"
108601,3,"ギルドハウスのスタミナがいっぱいだよぉ！さっそく、クリスマスパーティーをはじめちゃおー♪"
108601,4,"ギルドハウスのEXPポーションがいっぱい！ぷうきちが飲んだら、成長して大きくなるのかな？"
108601,5,"ギルドハウスのマナがいっぱいだよぉ！これだけあれば、デッカい七面鳥も甘ぁいケーキも食べ放題だよね♪"
108601,6,"ギルドハウスで受け取れるアイテムが、全部いっぱい！受け取らないと、ぷうきちサンタが子供たちに配っちゃうよ♪"
108801,1,"スタミナが全回復したみたい。あ、あのね騎士クン…一緒に初詣に行きたいんだけど…ダメかな？"
108801,2,"ギルドハウスのスキップチケットがいっぱい。外に行くなら、初日の出が綺麗に見える場所がいいな…。"
108801,3,"ギルドハウスのスタミナがいっぱいだよ。お正月用のお餅を準備しないと…騎士クンも来てくれるとうれしいな。"
108801,4,"ギルドハウスのEXPポーションがいっぱいだね。わたしも強くなって、自分の想いを伝えられるぐらいの勇気が欲しいな…。"
108801,5,"ギルドハウスのマナがいっぱいになったみたい。お正月にお買い物するなら…福袋とかどう？"
108801,6,"ギルドハウスのアイテムがいっぱい。お正月で忙しいよね。あの…ここにはおせちもあるし、ゆっくり過ごせると思うよ…？"
108901,1,"スタミナが全回復したようだね。お正月だからって怠けすぎは禁物だよ。一緒に特訓しよう！"
108901,2,"ギルドハウスのスキップチケットがいっぱいか。修業を早く終わらせて、お正月の町をゆっくり歩くのもいいね。"
108901,3,"ギルドハウスのスタミナがいっぱいだね。この時期にしかできない、雪上での戦闘訓練をしてみようか。"
108901,4,"ギルドハウスのEXPポーションがいっぱいだね。強さへの探究はどんな時でも持っていないと。例えそれがお正月でもね。"
108901,5,"ギルドハウスのマナがいっぱいだ。これだけあるなら、お正月の初売りに行くとか…その…私は今日、空いているのだけど？"
108901,6,"ギルドハウスで受け取れるアイテムがすべていっぱいだよ。正月ボケしてないで取りに来て…私だって待ってるんだから。"
108701,1,"スタミナが全回復したよっ！お正月だし、一緒に羽根突きしようよ！騎士くんを墨だらけにしちゃうんだから♪"
108701,2,"ギルドハウスのスキップチケットがいっぱい！ねえねえ、外で凧あげしようよ！どっちが高く上げられるか競争だよ！"
108701,3,"ギルドハウスのスタミナがいっぱいだよ！お家の中でできる事…あ、みんなを呼んで、カルタで遊ぼうよー♪"
108701,4,"ギルドハウスのEXPポーションがいっぱいだよ！もっと強くなって、色んな人を助けられるようになりたいな！"
108701,5,"ギルドハウスのマナがいっぱい！ねえねえなんに使うの？あたしとしては、出店のイカ焼きがお奨めかな♪"
108701,6,"ギルドハウスのアイテムがぜんぶいっぱい！あたしが整理して…あれ？なんか崩れて…き、騎士くん！早く取りに来て！"
109001,1,"スタミナが全回復しましたわ。とろけるようなバレンタイン、私とずっと一緒に過ごしましょう…"
109001,2,"ギルドハウスのスキップチケットがいっぱいですわね…チョコレートの材料集めに役立ちそうですわ"
109001,3,"ギルドハウスのスタミナがいっぱい…クスクス。外出するのでしたら、ついていきますわ…どこまでも"
109001,4,"ギルドハウスのEXPポーションがいっぱいですわ…チョコレートに混ぜて…冗談ですわ。クスクス…"
109001,5,"ギルドハウスのマナがいっぱいになっていますわ。もっと強くなって、よりよい材料を手に入れますわね"
109001,6,"ギルドハウスで受け取れるアイテムがいっぱいになっています…あなた様が受け取りに来るのを待っていますわ…いつまでも…クスクス"
109101,1,"スタミナ全回復だよっ！バレンタインは、お姉ちゃんと一緒に甘い時間を過ごそうね♪"
109101,2,"ギルドハウスのスキップチケットがいっぱいだね！バレンタインだって冒険しちゃう？もちろんお姉ちゃんもついていくよっ♪"
109101,3,"ギルドハウスのスタミナがいっぱいになってるよ！あま～い一日、お姉ちゃんと一緒にたくさんお出かけしよっ♪"
109101,4,"ギルドハウスのEXPポーションがいっぱいみたいだよ！お姉ちゃんもっと強くなっちゃうね♪"
109101,5,"ギルドハウスのマナがいっぱいだよ～。使い道は、お姉ちゃんが管理してあげようか？"
109101,6,"ギルドハウスで受け取れるアイテムがいっぱいだね！お姉ちゃんと一緒にお片づけしよっか。上手にできたらたくさん褒めてあげちゃう♪"
109201,1,"スタミナが全回復したんだって！さあ、出発しようよ！"
109201,2,"ギルドハウスのスキップチケットがいっぱいになったよ！こっちこっち、早く～！"
109201,3,"ギルドハウスのスタミナがいっぱいだよ！よぉし、頑張るぞ～！"
109201,4,"ギルドハウスのEXPポーションがいっぱいになったよ！冒険に役立てようね！"
109201,5,"ギルドハウスのマナがいっぱいになったよ！大切に使おうね！"
109201,6,"ギルドハウスで受け取れるアイテムが、すべていっぱいになったみたいだよ！"
109301,1,"スタミナが全回復したですぅ！一緒に遊びに行くです～！"
109301,2,"ギルドハウスのスキップチケットがいっぱいになったです！楽しくせいしゅんするですぅ！"
109301,3,"ギルドハウスのスタミナがいっぱいですぅ！これでたくさん遊べるですね！"
109301,4,"ギルドハウスのEXPポーションがいっぱいですぅ！さっそく使うです！"
109301,5,"ギルドハウスのマナがいっぱいになったです！ルゥお菓子が食べたいですぅ！"
109301,6,"ギルドハウスで受け取れるアイテムが、すべていっぱいになったですぅ！"
109401,1,"スタミナが全回復したよ。じゃあ、冒険に出かけようか"
109401,2,"ギルドハウスのスキップチケットがいっぱいになったね。見に来たほうがいいかも…"
109401,3,"ギルドハウスのスタミナがいっぱいになったよ。そろそろ出かけない…？"
109401,4,"ギルドハウスのEXPポーションがいっぱいになったね。もっと強くなれるかな…"
109401,5,"ギルドハウスのマナがいっぱいになったね。使いすぎには気をつけないと…"
109401,6,"ギルドハウスで受け取れるアイテムが、すべていっぱいになったよ"
109501,1,"スタミナが全回復したようですね…はっ！まさか万全のスタミナでクウカの帯を…！？"
109501,2,"ギルドハウスのスキップチケットがいっぱいです…！戦いを急いで終わらせて、じっくりとクウカの着物を…！？"
109501,3,"ギルドハウスのスタミナがいっぱいですぅ！一気に使ってクウカを休ませないつもりですね！？"
109501,4,"ギルドハウスのEXPポーションがいっぱいになっていますよ…。クウカを成長させて、もっと色々なことを…！？"
109501,5,"ギルドハウスのマナがいっぱいです…！い、いけませんドSさん、クウカが欲しいだなんて…ぐふふ"
109501,6,"ギルドハウスのアイテムがいっぱいになっています…！まとめてクウカも受け取ってしまうのですね…じゅるり…！"
109601,1,"スタミナが全回復しまシタ！オシノビでお出かけしマショウ！"
109601,2,"ギルドハウスのスキップチケットがいっぱいデスよ！ショーグンと天下統一を目指してシュラシュシュシュデース！"
109601,3,"ギルドハウスのスタミナがいっぱいデス！オタノシミはこれからデース！"
109601,4,"ギルドハウスのEXPポーションがいっぱいデス！もっと忍術を磨いて、無敵の忍者になりマス！"
109601,5,"ギルドハウスのマナがいっぱいデース！これでクニトリ合戦も有利になるデスね！"
109601,6,"ギルドハウスで受け取れるアイテムがいっぱいデス！ヒャクマンゴクの勢いデス！"
109701,1,"スタミナがすべて回復しているみたいです。冒険に出かけませんか？"
109701,2,"ギルドハウスのスキップチケットがいっぱいのようです。受け取っておきましょう"
109701,3,"ギルドハウスのスタミナがいっぱいになっているようです。もったいないですから受け取っておきましょう"
109701,4,"ギルドハウスのEXPポーションがいっぱいのようです。レムに使ってくれてもいいんですよ？"
109701,5,"ギルドハウスのマナがいっぱいのようです。この世界のマナは不思議ですね"
109701,6,"ギルドハウスで受け取れるアイテムが全ていっぱいのようです。レムが片付けてしまう前に回収しておいてくださいね"
109801,1,"スタミナが全て回復したようね。ラムに付いてきて欲しいの？仕方がないわね。感謝なさい"
109801,2,"ギルドハウスのスキップチケットがいっぱいよ。戦いを手早く終わらせるのはいいことね"
109801,3,"ギルドハウスのスタミナがいっぱいになっているわ。さぁ、ラムの代わりに頑張りなさい"
109801,4,"ギルドハウスのEXPポーションがいっぱいね。強さを求めるのは当然ね。しっかり励みなさい"
109801,5,"ギルドハウスのマナがいっぱいになっているわよ。せいぜい使い道には気を付けることね"
109801,6,"ギルドハウスのアイテムがいっぱいですって。ラムに片付けろと言うのかしら？まぁ、面倒だけどやってあげるわ"
109901,1,"スタミナが全部回復したみたい！ねえ、どこかにいってみない？"
109901,2,"ギルドハウスのスキップチケットがいっぱいね！すごーく便利そうだし受け取っちゃおう！"
109901,3,"ギルドハウスのスタミナがいっぱいよ！無駄になっちゃう前に受け取っておこ？"
109901,4,"ギルドハウスのEXPポーションがいっぱいみたい。ね、早く受け取っちゃいましょ"
109901,5,"ギルドハウスのマナがいっぱい！これだけマナがあったらパックもよろこぶかな？"
109901,6,"ギルドハウスで受け取れるアイテムが全ていっぱいね。これだけあればいろんなことできちゃいそう"
110001,1,"スタミナが全回復したよ！波がヒデサイを待ってるよ！"
110001,2,"ギルドハウスのスキップチケットがいっぱいだよ！便利だから使うしかなくない？"
110001,3,"ギルドハウスのスタミナがいっぱいだって！早く受け取りに行こっ！"
110001,4,"ギルドハウスのEXPポーションがいっぱいだって！これがあればもっともにカワになっちゃうよね！"
110001,5,"ギルドハウスのマナがいっぱいみたい！受け取らなきゃおこだよ！"
110001,6,"ギルドハウスがアイテムでいっぱいだよ～！ギルドハウスがパンパン～！超ウケる！"
110101,1,"スタミナが全回復したわ！今だけは宿題を忘れて、思いっきりバカンスを楽しんじゃおう！"
110101,2,"ギルドハウスのスキップチケットがいっぱいだわ！これで夏の海も100点満点ね！"
110101,3,"ギルドハウスのスタミナがいっぱいだよ。泳ぎの練習に付き合ってくれない？"
110101,4,"ギルドハウスのEXPポーションがいっぱいだわ。これで泳げるようになっちゃうかも～？"
110101,5,"ギルドハウスのマナがいっぱいになったよ。海の家で一緒になにか食べない？"
110101,6,"ギルドハウスで受け取れるアイテムが、全部いっぱいだよ！ビーチで遊べそうな物もないか、見てみましょう？"
110301,1,"スタミナが全回復したみたいよ。元気があるなら、ひと泳ぎしない？"
110301,2,"ギルドハウスのスキップチケットがいっぱいみたい。受け取らなきゃもったいないわよ"
110301,3,"ギルドハウスのスタミナがいっぱいみたいよ。みんなと砂遊びでもする？"
110301,4,"ギルドハウスのEXPポーションがいっぱいよ。これを糧に上を目指しましょ"
110301,5,"ギルドハウスのマナがいっぱいみたい。新ビジネスの元手になるかしら？"
110301,6,"ギルドハウスで受け取れるアイテムがいっぱいみたい。貯めこむとあとが大変よ？"
110401,1,"おい、スタミナが全回復してるぞ。海辺の冒険にでも行こうぜ、あたしも付いていってやるからよ！"
110401,2,"ギルドハウスのスキップチケットがいっぱいだ。戦いはさっさと済ませて、泳ぎにでも行こうぜ"
110401,3,"ギルドハウスのスタミナがいっぱいだな。いいぜ、どこにでも付き合ってやるよ！"
110401,4,"ギルドハウスのEXPポーションがいっぱいみたいだぜ。強くなるのはいいことさ、守れるヤツが増えるからな！"
110401,5,"ギルドハウスのマナがいっぱいだってよ。なんに使うか知らねぇけど、あとで困らないようにしろよな"
110401,6,"ギルドハウスで受け取れるアイテムがいっぱいじゃねぇか！仕方ねぇな、あたしも手伝うから、受け取りに行こうぜ"
110501,1,"スタミナが全回復してみなぎってるさ～！歌って踊りながら、冒険に出発さ～！"
110501,2,"ギルドハウスのスキップチケットがいっぱいだね～！戦いを素早く終わらせて、海に飛び込むさ～！"
110501,3,"ギルドハウスのスタミナがいっぱいだよ～！まだまだ元気いっぱい遊べるさ～！"
110501,4,"ギルドハウスのEXPポーションがいっぱいさ～！踊りのキレがよくなるかも～！"
110501,5,"ギルドハウスのマナがいっぱいになってるさ～？夏の陽気に身を任せて、ぱーっと使っちゃうさ～！"
110501,6,"ギルドハウスで受け取れるアイテムがみ～んないっぱいさ～！まとめて受け取って、海を満喫しちゃうさ～！"
110601,1,"スタミナが全回復してはりますよ。一緒に不思議の国に行きまひょか♪"
110601,2,"ギルドハウスのスキップチケットがいっぱいになっとるねぇ。急ぐんは苦手やけど、王子はんと一緒なら平気どす…♪"
110601,3,"ギルドハウスのスタミナがいっぱいどすなぁ。うちと一緒に、海でたくさん遊びませんか…？"
110601,4,"ギルドハウスのEXPポーションがいっぱいになっとるよ。ぎょうさん溜め込んで、一気に使うんどすか？"
110601,5,"ギルドハウスのマナがいっぱいなんやって。王子はんはこつこつ貯めるタイプなんやね。素敵やわぁ"
110601,6,"ギルドハウスで受け取れるアイテムがいっぱいや！みらくるまほりん…え？魔法でお片付け、したらあきまへんか？"
107001,1,"スタミナが全回復していますね。さあ、行きましょう。私が一緒に戦ってあげますよ"
107001,2,"ギルドハウスのスキップチケットが貯まりました。さっさと受け取りなさい。楽をしたくはないのですか？"
107001,3,"ギルドハウスのスタミナが貯まりました。ずいぶんと余裕があるのですね。でしたら少し手伝いなさい"
107001,4,"ギルドハウスのEXPポーションがいっぱいですよ。私がいただいておきます。…ダメですか？"
107001,5,"ギルドハウスのマナがいっぱいです。これで私の能力に、より磨きをかけられますね"
107001,6,"ギルドハウスで受け取れるアイテムが全て貯まっています。私が使いたいので早く受け取っておきなさい"
110701,1,"スタミナが全回復しました。これで、ぼっちとバイバイできるかな…？"
110701,2,"ギルドハウスのスキップチケットがいっぱいですよ…！友達作りには…使えませんよね。そうですよね…"
110701,3,"ギルドハウスのスタミナがいっぱいになっています！どうしよう、自己紹介の練習でもしましょうか！？"
110701,4,"ギルドハウスのEXPポーションがいっぱい…これを一気飲みすれば、成長して友達も…！？"
110701,5,"ギルドハウスのマナがいっぱいです！新しいだいじょぶマイフレンドくんを作ってもいいですか…？"
110701,6,"ギルドハウスで受け取れるアイテムが、いっぱいいっぱいみたいです…まるで人と話してるときの私のよう…！"
110801,1,"ちょ、やばい、スタミナ全回復してる。なんかした方がいいんじゃないの、知んないけど"
110801,2,"ウケる。ギルドハウスのスキップチケット、なんか溢れかえってンですけど"
110801,3,"ウケる。ギルドハウスのスタミナ、なんか溢れかえってンですけど"
110801,4,"ウケる。ギルドハウスのEXPポーション、なんか溢れかえってンですけど"
110801,5,"ウケる。ギルドハウスのマナ、なんか溢れかえってンですけど"
110801,6,"ヤバい。ギルドハウスで受け取れるアイテム、全部フル貯まってる。そろそろ取りに来てくんない"
111101,1,"スタミナが全回復しています。一緒にハロウィンパーティ、行きますか？仕方ないので、ついていってあげます"
111101,2,"ギルドハウスのスキップチケットがいっぱいじゃないですか。急ぎ過ぎて、転んだりしちゃダメですよ？"
111101,3,"ギルドハウスのスタミナがいっぱいになってますよ？あなたも仮装して、お菓子をもらいに行きますか？"
111101,4,"ギルドハウスのEXPポーションがいっぱいです。成長したら、お菓子をもらえなくなっちゃうのかな…？"
111101,5,"ギルドハウスのマナがいっぱいですので、お菓子作りしませんか？子供たちに配る分です。もちろん、あなたにもあげますよ"
111101,6,"ギルドハウスで受け取れるアイテムがいっぱいじゃないですか！早く受け取って、ハロウィンを楽しまないとですよ！"
111201,1,"にいちゃん、スタミナが全回復したよ！ハロウィンパーティーしよう！"
111201,2,"ギルドハウスのスキップチケットがいっぱいになったって！トリックオアチケット～！"
111201,3,"ギルドハウスのスタミナがいっぱいになったよ！お菓子余ってるならミソギにちょうだい！"
111201,4,"ギルドハウスのEXPポーションがいっぱいだよ！これで、とびっきりのいたずらできるかも！"
111201,5,"ギルドハウスのマナがいっぱいになったよ！これでミソギにお菓子買ってくれる～？"
111201,6,"ギルドハウスのアイテムがいっぱいになったよ！何も仕掛けてないから取りに来て！にひひ♪"
111301,1,"スタミナがぜんかいふくだって、おにいちゃん！ミミとハロウィンパレードしよ～♪"
111301,2,"えへへ、トリックオアトリート～♪ギルドハウスのスキップチケットがいっぱいだよ、おにいちゃん！"
111301,3,"おにいちゃん、ギルドハウスのスタミナがいっぱいだよ！ハロウィンのおようふくでお出かけしようよ～♪"
111301,4,"おにいちゃん！ギルドハウスのEXPポーションがいっぱいだから、たくさん使って楽しくハロウィンしよ～♪"
111301,5,"ギルドハウスのマナがいっぱいなんだって！おにいちゃん、ミミのお菓子も買ってくれるかなぁ…"
111301,6,"おにいちゃん！ギルドハウスのアイテムがぜんぶいっぱいになったみたいだよ！えへへ、ハッピーハロウィン～♪"
111401,1,"スタミナが全回復したよ。ねぇ、遊びにいってくれないの？"
111401,2,"ギルドハウスのスキップチケットがいっぱいだよ！はやく使おうよー！"
111401,3,"ギルドハウスのスタミナがいっぱいだよ！ねーねー、まだお出かけしないの？"
111401,4,"ギルドハウスのEXPポーションがいっぱいになったよ！ルナも使ってみたいなー！"
111401,5,"ギルドハウスのマナがいっぱいになったよ！ルナ、マナってキラキラしてて好きだなー！"
111401,6,"ギルドハウスで受け取れるアイテムが、全部いっぱいになったよー！"
106501,1,"スタミナが全回復したぜ！ケンカの準備、完了だ！さあオレと一緒に大暴れしにいこうぜ！"
106501,2,"ギルドハウスのスキップチケットがいっぱいになったってさ。せっかくのケンカ、楽して進んじゃうのか？"
106501,3,"ギルドハウスのスタミナがいっぱいになったぜ！たぎるケンカがどんだけできるかな？思いっきり楽しもうぜ！"
106501,4,"ギルドハウスのEXPポーションがいっぱいになったぜ！どんどん使って強くなって、連勝記録更新といこうぜ！"
106501,5,"ギルドハウスのマナがいっぱいになったぜ。溜めててもしょうがねえ。早く使っちまおうぜ！なあ、いいだろ？"
106501,6,"ギルドハウスで受け取れるアイテムが全部いっぱいになったぜ！こんだけありゃ、もっとケンカを楽しめるな！"
111501,1,"スタミナが全回復しているな。これなら存分にクリスマスを愉しむことができそうだな♪"
111501,2,"ギルドハウスのスキップチケットがいっぱいだな。せっかくのクリスマスだ、溜め込んでないで派手に使ってしまえ。思い切りを見せてみろ！"
111501,3,"ギルドハウスのスタミナがいっぱいになってしまったぞ。ほら、ワタシと共に愉快なところへ行こうじゃないか♪"
111501,4,"ギルドハウスのEXPポーションがいっぱいだとさ。強さはどれだけ高めてもかまわん。惜しみなく使うがいいよ。"
111501,5,"ギルドハウスのマナがいっぱいじゃないか。なんならワタシが運用法を考えてやろうか？"
111501,6,"ギルドハウスで受け取れるアイテムがすべていっぱいだな。まとめてクリスマスプレゼントにしてしまおうか。あはは、冗談だ☆"
111601,1,"スタミナが全回復したよ！早速街に出て思う存分クリスマスを楽しもうね！"
111601,2,"ギルドハウスのスキップチケットがいっぱいだね！これを使って街中でクリスマスライブを開こうよ！"
111601,3,"ギルドハウスのスタミナがいっぱいだよ！これならオールナイトライブもできちゃいそう！"
111601,4,"ギルドハウスのEXPポーションがいっぱいになったよ！これでもっといいライブができるね！"
111601,5,"ギルドハウスのマナがいっぱいみたい！豪華なクリスマスパーティーができそうだね！"
111601,6,"ギルドハウスで受け取れるアイテムが、すべていっぱいだよ！サンタさんもびっくりのすごい数だね！"
111701,1,"スタミナが全回復し、随分と血色の良い顔になったのう…ごくり。ちょ、ちょっとだけ血を吸ってもよいか？"
111701,2,"スキップチケットがいっぱいじゃ。あ、余らせるのはもったいないし、その…わらわとどこかに出かけぬか？"
111701,3,"ギルドハウスのスタミナがいっぱいのようじゃな。これならば、すぐにでも聖夜の宴を始められるのう♪"
111701,4,"ギルドハウスのEXPポーションがいっぱいじゃぞ。これを飲んで強くなれば、ニンニクを克服できるかもしれぬな！"
111701,5,"ギルドハウスのマナがいっぱいじゃな。これだけあれば、わらわの城でも盛大な聖夜の宴が開けそうじゃ♪"
111701,6,"ギルドハウスで受け取れるアイテムがすべていっぱいか。わらわに奪われたくなくば早く来るのじゃ！べ、別に寂しいわけではないぞ！"
112001,1,"スタミナが全回復したみたい。一緒に初詣に行きましょ"
112001,2,"ギルドハウスのスキップチケットがいっぱいになったわよ。使わなきゃもったいないわ！"
112001,3,"ギルドハウスのスタミナがいっぱいになったわよ。羽根つきでもして遊びましょ"
112001,4,"ギルドハウスのEXPポーションがいっぱいよ！強くなって、いろんなことに挑戦しましょ"
112001,5,"ギルドハウスのマナがいっぱいよ。パーッと使っちゃいましょ！"
112001,6,"ギルドハウスで受け取れるアイテムが、いっぱいみたい。早くしないとあたしが使っちゃうわよ？"
112101,1,"スタミナが全回復しましたよ～。神殿のお手伝いの続き、がんばりましょう！"
112101,2,"ギルドハウスのスキップチケットがいっぱいになりました。一緒におでかけしに行きましょう！"
112101,3,"ギルドハウスのスタミナがいっぱいになりました！よーし、張り切ってお掃除しちゃいますよ～！"
112101,4,"ギルドハウスのEXPポーションがいっぱいになりました。こ、これで私もドジを卒業…！"
112101,5,"ギルドハウスのマナがいっぱいになりましたね。ご利益のあるものに使えたりしないでしょうか…？"
112101,6,"ギルドハウスで受け取れるアイテムがいっぱいですよ。ちょっと片付け…あ、ちょ、わ、きゃああ！？"
111901,1,"スタミナが全回復いたしましたよ。主さま、験を担ぎに出かけましょう。わたくしもお供いたします"
111901,2,"ギルドハウスのスキップチケットがいっぱいになりました。幸運に満ちた冒険になるような気がいたします"
111901,3,"ギルドハウスのスタミナがいっぱいになりましたよ。受け取って、わたくしと正月遊びを楽しみましょう"
111901,4,"ギルドハウスのEXPポーションがいっぱいです。これだけあれば、わたくしの舞も上手くなるでしょうか…"
111901,5,"ギルドハウスのマナがいっぱいになりました。お年玉と同じく、賢い使い方をいたしましょう"
111901,6,"ギルドハウスで受け取れるアイテムがすべていっぱいになりました。福が舞い込んできたようですね"
112201,1,"スタミナが全回復しているよ助手くん。事件は街に溢れている。さぁ、変身して捜査を始めよう！"
112201,2,"ギルドハウスのスキップチケットがいっぱいか…これは事件の気配がするね。魔法探偵としては、放っておけないよ"
112201,3,"ギルドハウスのスタミナがいっぱいになっているよ。魔法の力で解決、といきたいけれど、一緒に手伝ってくれるかい？"
112201,4,"ギルドハウスのEXPポーションがいっぱいだね。魔法少女は愛と希望の力が源とはいえ、もらえるものはもらうよ？"
112201,5,"ギルドハウスのマナがいっぱいじゃないか助手くん。仕方がないね、私が使い道について知恵を貸してあげるとしよう"
112201,6,"ギルドハウスで受け取れるアイテムがすべていっぱい…身に覚えはあるかね、助手くん。どうすればいいか、よく考えてみるといいよ"
112301,1,"スタミナが全回復しましたよ。一緒にランドソルの平和を守りましょう！"
112301,2,"ギルドハウスのスキップチケットがいっぱいになりましたよ。これで魔物退治もはかどりますね"
112301,3,"ギルドハウスのスタミナがいっぱいみたいです。これでアンチビーストを倒しにいけますね"
112301,4,"ギルドハウスのEXPポーションがいっぱいみたいです。お姉ちゃんみたいに、もっと強くならなくちゃ"
112301,5,"ギルドハウスのマナがいっぱいになりました。魔法少女グッズがたくさん買えそうですね"
112301,6,"ギルドハウスで受け取れるアイテムがいっぱいですよ。受け取ったら、ランドソルの見回りに行きましょう"
180401,1,"スタミナが全回復しましたよ！おいしい魔物を狩りに行きましょう！"
180401,2,"ギルドハウスのスキップチケットがいっぱいです！ご飯はスキップしちゃダメですよ？"
180401,3,"ギルドハウスのスタミナがいっぱいです！腹ごなしの運動をしましょうか！"
180401,4,"ギルドハウスのEXPポーションがいっぱいです！たくさん食べてもりもり育っちゃいましょう☆"
180401,5,"ギルドハウスのマナがいっぱいです！わたしのお腹はぺこぺこです！おいしいものを食べに行きましょう！"
180401,6,"わわっ！？ギルドハウスのアイテムがいっぱいですよ！満腹にしていいのはお腹だけです！早く受け取りに行きましょう☆"
112401,1,"スタミナが全回復しました！ストレッチしておくので、あとで一緒にレッスンしましょうねっ"
112401,2,"ギルドハウスのスキップチケットがいっぱいになりました。気分転換も兼ねて、冒険に行ってみませんか？"
112401,3,"ギルドハウスのスタミナがいっぱいになりました。私、絶好調ですっ。まだまだ頑張れますよっ！"
112401,4,"ギルドハウスのEXPポーションがいっぱいになりました。アイドルも冒険者も、上を目指して頑張りましょうね♪"
112401,5,"ギルドハウスのマナがいっぱいになりました。何か足りないものがあるなら、お買い物へ行きますか？"
112401,6,"ギルドハウスで受け取れるアイテムがいっぱいになりました。私もお手伝いするので、一緒に片付けちゃいましょう！"
112601,1,"スタミナが全回復したよ！さぁ～のんびりしてる暇はないよ、レッスンの続きをしなくっちゃ！"
112601,2,"ギルドハウスのスキップチケットがいっぱいになったよ！こんなにあると、お出かけし放題だね～！どこ行こっか？"
112601,3,"ギルドハウスのスタミナがいっぱいになったよ！よーし、レッスン何時間続けられるか挑戦してみるぞー！"
112601,4,"ギルドハウスのEXPポーションがいっぱいになったよ！これで歌もダンスも一気に上達…するといいなぁ"
112601,5,"ギルドハウスのマナがいっぱいになったよ！これはお買い得品を買い揃えておくチャンスじゃない？"
112601,6,"ギルドハウスで受け取れるアイテムがいっぱいになったよ。ほらほら、早く片付けないともったいないぞ～！"
112501,1,"スタミナが全回復したよ。ほら、早くレッスンの続きに行こう。手伝ってくれるんでしょ？"
112501,2,"ギルドハウスのスキップチケットがいっぱいになったよ。せっかくだし、どこかに出かけるのもいいかもね"
112501,3,"ギルドハウスのスタミナがいっぱいになったよ。さぁ、休憩は終わり。気合を入れていくよ"
112501,4,"ギルドハウスのEXPポーションがいっぱいになったよ。気のせいか、蒼の力が高まってきたような…"
112501,5,"ギルドハウスのマナがいっぱいになったよ。新しい装備を揃えてもいいんじゃない？"
112501,6,"ギルドハウスで受け取れるアイテムがいっぱいになったよ。もったいないし、早く片付けたら？"
110901,1,"ちぇる～ん♪スタミナが全回復しました。遊びに行くならチエル付き合ってあげてもいいですよ？"
110901,2,"ギルドハウスのスキップチケットがいっぱいになりました。チエルのためにばりばり飛ばせますね"
110901,3,"ギルドハウスのスタミナがいっぱいになりました。チエルのためにもりもり働けますね"
110901,4,"ギルドハウスのEXPポーションがいっぱいになりました。チエルがすくすく育ちますね"
110901,5,"ギルドハウスのマナがいっぱいになりました。チエルにじゃんじゃん注ぎこめますね"
110901,6,"ギルドハウスで受け取れるアイテムがすべて満タンです！チエルに会いに来る理由ができて良かったですね先輩♪"
111001,1,"君、スタミナが全回復しているぞ。端的に換言すれば狩り時だ、出撃準備をしたまえ"
111001,2,"ギルドハウスのスキップチケットが上限に達している。可及的すみやかに回収したまえ"
111001,3,"ギルドハウスのスタミナが上限に達している。可及的すみやかに回収したまえ"
111001,4,"ギルドハウスのEXPポーションが上限に達している。可及的すみやかに回収したまえ"
111001,5,"ギルドハウスのマナが上限に達している。可及的すみやかに回収したまえ"
111001,6,"ギルドハウスで受け取れるアイテムがすべて上限に達しているぞ。何故こんなになるまで放っておいたんだ"
112701,1,"スタミナが全回復したよ～。…ちょっと、働けって圧力かけるのやめてよね"
112701,2,"ギルドハウスのスキップチケットがいっぱいだってさ。仕事もこれでスキップしたいねぇ"
112701,3,"ギルドハウスのスタミナがいっぱいだよ。まあ、あたしの気力はゼロなんだけどね"
112701,4,"ギルドハウスのEXPポーションがいっぱいになったねぇ。でも、経験積んだくらいじゃあたしのなまけ癖は直らないよ～"
112701,5,"ギルドハウスのマナがいっぱいになったよ。これだけあればもう働かなくてもいいよね？"
112701,6,"ギルドハウスで受け取れるアイテムが、すべていっぱいみたい。あんパンはあるの？ドングリは？"
112801,1,"スタミナが全回復したってよ！それじゃさっそく行商に行くべさ！"
112801,2,"ギルドハウスのスキップチケットがいっぱいになったべ！よーし、今日のお仕事を一気に片付けちまうべさ！"
112801,3,"ギルドハウスのスタミナがいっぱいだべよ！牧場も仲間も全部まとめて守ってやるべ！"
112801,4,"ギルドハウスのEXPポーションがいっぱいになったべさ！牧場の牛乳とどっちが美味いべかな？"
112801,5,"ギルドハウスのマナがいっぱいになったべ。それじゃあマナ板の上に置いとくべ、なんてな！"
112801,6,"ギルドハウスで受け取れるアイテムが、すべていっぱいになったみたいだべ！いやー、大豊作だべな～！"
180501,1,"主さま、スタミナが全回復いたしましたよ。冒険の準備が整いましたね。では、共に出発するといたしましょう"
180501,2,"ギルドハウスのスキップチケットがいっぱいになりましたよ。主さまの冒険に役立てられそうですね"
180501,3,"ギルドハウスのスタミナがいっぱいになりました。お受け取りになってより良い冒険をいたしましょう、主さま"
180501,4,"ギルドハウスのEXPポーションがいっぱいでございます。主さまのために、もっと強くなりたいです"
180501,5,"ギルドハウスのマナがいっぱいでございます。主さまならさぞ有益な使い方をなさるのでしょう…♪"
180501,6,"主さま、ギルドハウスで受け取れるアイテムがいっぱいでございますよ。遠慮なくお受け取りくださいまし"
112901,1,"スタミナが全回復してますよお兄ちゃん！かわいい妹と一緒に不思議な大冒険に出かけましょうっ！"
112901,2,"ギルドハウスのスキップチケットがいっぱいになっちゃってますね～。ゴーイング矢のごとしって言いますし、ケーキよく使っちゃいましょう！"
112901,3,"ギルドハウスのスタミナがいっぱいじゃないですか！やっぱりお兄ちゃんには私がついてないとですね！"
112901,4,"ギルドハウスのEXPポーションがいっぱいいっぱいです！えへへ、できる妹のお知らせでした♪"
112901,5,"ギルドハウスのマナがいっぱい…ところでお兄ちゃん、ケーキとか食べたくありません？いえいえ、催促なんてしてませんよ？"
112901,6,"ギルドハウスで受け取れるアイテムが、全部いっぱいです！大変じゃないですかお兄ちゃん！妹の手も借りたいって感じですよねっ？"
113001,1,"先輩のスタミナが全回復してる…先輩がどこにお出かけしても、後ろからついていけるように準備しなくちゃ！"
113001,2,"ギルドハウスのチケットがいっぱいみたい。これを使って、先輩と一緒に不思議の国を見て回りたいなぁ♪"
113001,3,"あ、ギルドハウスのスタミナがいっぱい。すぐに先輩に伝えないと…でも、向き合うのは恥ずかしいし…うぅ、どうしよう…"
113001,4,"ギルドハウスのEXPポーションがいっぱい…これを飲んで強くなれば、先輩がどこに行っても観察できるかも！"
113001,5,"ギルドハウスのマナがいっぱいです。先輩がこれで買い物に行くとしたら…あのお店に居れば、先輩を観察できるかな？"
113001,6,"ギルドハウスで受け取れるアイテムが、すべていっぱいですね。ここに居れば、取りに来た先輩を観察できるはず…ジー…"
106601,1,"お兄さん、スタミナが全回復してるですよ。これはもう冒険に行くしかないですね！"
106601,2,"ギルドハウスのスキップチケットがいっぱいですね…一緒に取りに行くですよ！"
106601,3,"ギルドハウスのスタミナがいっぱいです！これ以上はあふれちゃうですよ！"
106601,4,"ギルドハウスのEXPポーションが満タンですね…いらないならあたしがもらっちゃうですよ？"
106601,5,"ギルドハウスのマナがいっぱいです！これはいただきに行くしかないですよ！"
106601,6,"ギルドハウスで受け取れるアイテムが満杯ですよ！あふれちゃう前にゲットするです！"
113201,1,"スタミナが全回復したな！のんびりしている暇はないぞシグルド、冒険へ出発だ！"
113201,2,"ギルドハウスのスキップチケットがいっぱいになったぞ！ふふ、我らの歴史に新たな１ページを刻むとしよう！"
113201,3,"ギルドハウスのスタミナがいっぱいになったぞ！くっ、力の昂りを抑えられぬ…早く解き放たなければ…！"
113201,4,"ギルドハウスのEXPポーションがいっぱいになったぞ！なあシグルド、これをかき氷にかけてみるのはどうだ？"
113201,5,"ギルドハウスのマナがいっぱいになったぞ！虚空に呑まれる前に我らの手で救い出してやろう！"
113201,6,"ギルドハウスで受け取れるアイテムがいっぱいになったぞ！熾炎戦鬼煉獄血盟暗黒団のさらなる力としようではないか！"
180201,1,"騎士クン、スタミナが全回復したよ。冒険に出かけるの？わたしも一緒に戦うね！"
180201,2,"ギルドハウスのスキップチケットがいっぱいになったよ。戦闘が簡単に済むなら、騎士クンもそのほうがいいよね？"
180201,3,"ギルドハウスのスタミナがいっぱいになったみたい。体力は大切にしてね。焦らずに進んでいこう？"
180201,4,"ギルドハウスのEXPポーションがいっぱいだよ。変身したわたしも、これがあればもっと成長できるんだね"
180201,5,"ギルドハウスのマナがいっぱいだね。騎士クン。みんなを守るために、今以上に魔法を強化したいな"
180201,6,"ギルドハウスのアイテムがいっぱいになってるみたい。荷物の受け取り、わたしも一緒にお手伝いするね"
113101,1,"スタミナが全回復したよ。さぁて、体が鈍らないように冒険に出かけようじゃないか"
113101,2,"ギルドハウスのスキップチケットがいっぱいになったね。普段行かない場所に行ってみるのはどうだい？"
113101,3,"ギルドハウスのスタミナがいっぱいになったね。なぁお前さん、休むのはそろそろ終わりにして、散歩にでも行こうか？"
113101,4,"ギルドハウスのEXPポーションがいっぱいになったね。これ、味付けとか変えられたりするのかね…？"
113101,5,"ギルドハウスのマナがいっぱいになったね。何か買い物にでも行ってきたらどうだい？"
113101,6,"ギルドハウスで受け取れるアイテムがいっぱいみたいだね。こいつで夏を満喫しようじゃないか、お前さん！"
113301,1,"スタミナが全回復したよ！さ～て、ナナカちゃんと真夏の大冒険にレッツゴーですぞ～っ！"
113301,2,"ギルドハウスのスキップチケットがいっぱいになったよ！チケット使わないとかもったいないし、早く出かけよ！"
113301,3,"ギルドハウスのスタミナがいっぱいになったよ！夏はイベント盛りだくさんだからあちこち行かなきゃだね☆"
113301,4,"ギルドハウスのEXPポーションがいっぱいになったよ！これでサイカワサイツヨになっちゃお～♪"
113301,5,"ギルドハウスのマナがいっぱいになったよ！よーし、これで大人買いしちゃいますぞ～！って、ダメ？"
113301,6,"ギルドハウスで受け取れるアイテムがいっぱいになったよ。うーん、荷物増えて片付けられないのってあるあるだよね～"
113401,1,"スタミナ全回復なのだ～！ハツネちゃんはいつでも準備オッケー！がんばるキミを応援しちゃうよ！"
113401,2,"わわっ、ギルドハウスのスキップチケットがいっぱいだよ～！これを使って、夏をめいっぱい楽しんじゃおうよ！"
113401,3,"ギルドハウスのスタミナがいっぱいだね！いっぱいがんばるチャンス到来！ファイトファイト～☆"
113401,4,"ギルドハウスのEXPポーションが満タンになったよ！これがあれば私、もっとキミを上手に応援できるようになるかも…？"
113401,5,"ギルドハウスのマナがいっぱいだよ！これで元気が出るものを買って、夏を満喫しちゃおうよ～♪"
113401,6,"ギルドハウスで受け取れるアイテムがいっぱいみたい！もらいに行って、冒険に役立てちゃうのだー♪"
113501,1,"スタミナが全回復してるみたいね。夏の日差しに気をつけて、いっぱい体を動かしましょうね"
113501,2,"ギルドハウスのスキップチケットがいっぱいになっちゃったわね。先生と一緒に海までお出かけしましょうか"
113501,3,"ギルドハウスのスタミナがいっぱいよ。ふふっ。元気なのはいいことだわ。あらあら、先生と遊びたいの？もちろん、いいわよ"
113501,4,"ギルドハウスのEXPポーションがいっぱいなんて、困ったわね～。でも大丈夫よ、先生と一緒に使い方を考えましょう？"
113501,5,"ギルドハウスのマナがいっぱいみたい。夏の海は誘惑がいっぱいだから、無駄遣いしないように先生がついていってあげる"
113501,6,"あらあらまぁまぁ、ギルドハウスで受け取れるアイテムが全部いっぱい！先生がついてるわ、頑張ってお片付けしましょうね♪"
113601,1,"スタミナが全回復したし、ビーチに出かけるのはどうかな？もちろん日差しには気をつけてね"
113601,2,"ギルドハウスのスキップチケットがいっぱいだね。どうだい少年、涼みがてら回収に行こうじゃないか"
113601,3,"ギルドハウスのスタミナがいっぱいだね。元気が有り余っているなら一緒に浜辺で身体を鍛えるかい？"
113601,4,"ギルドハウスのEXPポーションがいっぱいになっていたよ。これ以上は私でも持ちきれないな…"
113601,5,"ギルドハウスのマナがいっぱいのようだ。せっかくだから海の家で使わせてもらおうかな"
113601,6,"ギルドハウスのアイテムがいっぱいになってしまったね…ゆっくりバカンスを楽しむためにもまずは受け取りに行こうか"
106801,1,"少年、スタミナが全回復してるよ。元気が余ってるなら冒険といこう！"
106801,2,"ギルドハウスのスキップチケットがいっぱいだね。ためらわないでどんどん楽しちゃおう！時間は有限だからね！"
106801,3,"ギルドハウスのスタミナがいっぱいだ。体力は運動してこそ上昇するものだよ。暇ならクレープ作り手伝ってよ～！"
106801,4,"ギルドハウスのEXPポーションがいっぱいだよ、少年。アタシの能力もこれで向上するのかな…？早速試してみよう！"
106801,5,"ギルドハウスのマナがいっぱいだ！使い道は少年に任せるよ。アタシは自主性を重んじる主義だからね"
106801,6,"ギルドハウスのアイテムがいっぱいだってさ。ここにあるものは全て、必ず、キミが誰かを助けるための力になってくれるよ"
113701,1,"お兄ちゃん、スタミナが回復しましたよ！エンジェルなアカリと一緒におでかけしませんか？"
113701,2,"わぁぁ♪お兄ちゃん、ギルドハウスのスキップチケットがいっぱいです。エンジェルの活動に役立ちそうですね！"
113701,3,"もうダメぇ…ギルドハウスのスタミナがいっぱいですよ～！早く受け取ってくださいね、お兄ちゃん♪"
113701,4,"ギルドハウスのEXPポーションがいっぱいですよ～！エンジェルなアカリの成長を見ててくださいね♪"
113701,5,"ギルドハウスのマナがいっぱいになりましたよ～！エンジェルの活動に活かしましょうね♪"
113701,6,"ふふっ、お兄ちゃんってば、こんなにためちゃって♪ギルドハウスで受け取れるアイテムが全部いっぱいです！"
113801,1,"スタミナが全回復したみたいね。ほら、エンジェルとして、困っている人たちを助けにいくわよ！"
113801,2,"ギルドハウスのスキップチケットがいっぱいよ。これがあれば、困っている人のところにぱぱっと行けるかも！"
113801,3,"ギルドハウスのスタミナがいっぱいね…もし時間があるなら、困っている人がいないか一緒にパトロールしない？"
113801,4,"ギルドハウスのEXPポーションがいっぱいね…これ飲んで成長したら、人見知りが直ったりしないかなぁ"
113801,5,"ギルドハウスのマナがいっぱい…アイツ、新作ゲームでも買うのかしら？その時はやらせてもらおっと♪"
113801,6,"ギルドハウスで受け取れるアイテムがいっぱい…アイツも来ないし整理しといてやるか。ばか…早く取りに来なさいよね…"
113901,1,"スタミナが全回復しましたよ騎士さん！ハロウィンは大忙しなので、手伝ってもらえますか？"
113901,2,"ギルドハウスのスキップチケットがいっぱいじゃないですか！仕方ないですね、私が一緒に使ってあげますから、感謝してくださいね！"
113901,3,"ギルドハウスのスタミナがいっぱいですよ？私には関係ないですけど…あぁもう分かりましたよ、手伝えばいいんでしょうっ？"
113901,4,"ギルドハウスのEXPポーションがいっぱいです！もうっ、なんで私が騎士さんのお世話をしてるんですかねっ！"
113901,5,"ギルドハウスのマナがいっぱいですね。ハロウィンのお祭り騒ぎで使い過ぎないよう、気をつけてくださいよ？まぁ、私がついてるから大丈夫ですけどね。　"
113901,6,"ギルドハウスで受け取れるアイテムが、すべていっぱいになっちゃってますね。ほらほら、早く片付けないと、イタズラしちゃいますよ？"
114001,1,"スタミナが全回復したね。それじゃ、ハロウィンの街並みを見物しに行こうか"
114001,2,"ギルドハウスのスキップチケットがいっぱいだね。戦いを手早く済ませて、ハロウィンのパレードを楽しもう"
114001,3,"ギルドハウスのスタミナがいっぱいみたいだ。これでハロウィンを満喫できそうだね。さあ出かけよう！"
114001,4,"ギルドハウスのEXPポーションがいっぱいだよ。ハロウィンを守る強さを手に入れられそうだね"
114001,5,"ギルドハウスのマナがいっぱいだね。ハロウィンのお土産を買いに行ってみようか？"
114001,6,"ギルドハウスで受け取れるアイテムがいっぱいだ。これでハロウィンパーティーの準備もはかどりそうだね。ほら、受け取りに行こう！"
114101,1,"スタミナ全快ッス！さあ、一緒にハロウィンの平和を守るためパトロールッスよ！"
114101,2,"ギルドハウスのスキップチケットがいっぱいッス！これを使って任務をすばやくこなすッス！"
114101,3,"ギルドハウスのスタミナがいっぱいになったッス！回収したらホワイトタイガー出動ッスよ！"
114101,4,"ギルドハウスのEXPポーションがいっぱいになったッス！いっぱい飲んでいっぱい強くなるッス！"
114101,5,"ギルドハウスのマナがいっぱいッス！こ、これだけあればトラタイガーグッズが…ってなんでもないッス！"
114101,6,"ギルドハウスで受け取れるアイテムが全部いっぱいッスよ！バッチリ回収して正義のために使うッス！"
114201,1,"スタミナが全回復したようだな！さぁ、変身だ！魔法提督ラブリー★モニカとして街の平和を守りに行くぞ！"
114201,2,"ギルドハウスのスキップチケットがいっぱいになっているな。遠慮なく使うといい。魔法少女は人々の助けを求める声に素早く応えねばならないからな"
114201,3,"ギルドハウスのスタミナがいっぱいだと？いいだろう、私が協力してやろう。魔法少女は困った人間を見捨てない！"
114201,4,"ギルドハウスのEXPポーションがいっぱいだぞ。私ももっと、魔法提督として成長してゆかねばな…！"
114201,5,"ギルドハウスのマナがいっぱいになっているみたいだぞ。魔法少女として使い道を考えてやろう。よし閃いた！お菓子を買って皆に配るのだ！私にもな！"
114201,6,"ギルドハウスで受け取れるアイテムが、すべていっぱいではないか！これは魔法提督ラブリー★モニカの出番だな！私が指揮する、安心するがいい！"
114301,1,"スタミナが全回復したみたいだよ。さっそく、魔法少女として活動を開始しようじゃないか"
114301,2,"ギルドハウスのスキップチケットがいっぱいだよ。これだけあれば、いち早くアンチビーストを倒しにいけるね"
114301,3,"ギルドハウスのスタミナがいっぱいだね。これで思いっきり魔法少女の特訓ができそうだよ"
114301,4,"ギルドハウスのEXPポーションがいっぱいだよ。魔法少女として悪を討つため、もっと強くならないと！"
114301,5,"ギルドハウスのマナがいっぱいだね。これだけあれば、魔法少女のグッズをたくさん手に入れられるかも…"
114301,6,"ギルドハウスで受け取れるアイテムがいっぱいだよ。私が魔法少女の力で片付けを手伝ってあげるから、早く来てね♪"
114401,1,"スタミナが全回復いたしましたわ！さっそく、最高のクリスマスパーティーの準備をいたしましょう！"
114401,2,"ギルドハウスのスキップチケットがいっぱいですわね。これがあれば、クリスマスマーケットの出店の全てを見て回れそうですわね！"
114401,3,"ギルドハウスのスタミナがいっぱいですわ。これがあれば、もっとクリスマスを楽しめますわね♪"
114401,4,"ギルドハウスのEXPポーションがいっぱいですわ！このポーションで、私の料理の腕もさらに磨きが…え、料理の腕は上がらないんですの？ "
114401,5,"ギルドハウスのマナがいっぱいですわね。使わないともったいないですし、よろしければ一緒にショッピングに行きませんか？"
114401,6,"ギルドハウスで受け取れるアイテムが、全部いっぱい…あの、これを使って、二人だけのパーティーを開きませんか？"
114601,1,"スタミナが全回復してるわよ。せっかくのクリスマスだもの、一緒にお出かけしましょ？"
114601,2,"ギルドハウスのスキップチケットがいっぱいになってるわ。寒くなる前に回収しちゃいましょっか！"
114601,3,"ギルドハウスのスタミナがいっぱいになったわ。ちょっと飲みに…じゃなくて冒険に向かいましょ？"
114601,4,"ギルドハウスのEXPポーションがいっぱいになっらわよ～…えへへ、一緒に飲みましょ～？"
114601,5,"ギルドハウスのマナがいっぱいよ。ほら、ユカリお姉さんからのクリスマスプレゼントよ～、なんてね♪"
114601,6,"ギルドハウスで受け取れるアイテムが全部いっぱいになったわ。豪華なクリスマスパーティーができそうね♪"
114501,1,"スタミナが全回復したのね。それじゃあしっかりクリスマスを楽しみつくすわよ！"
114501,2,"ギルドハウスのスキップチケットがいっぱいね！これで一気に時間が節約できるわね！"
114501,3,"ギルドハウスのスタミナがいっぱいね。なら街へ出ましょう。クリスマスイベント、一緒に回ってちょうだい♪"
114501,4,"ギルドハウスのEXPポーションがいっぱいになったわ。使えるものはキッチリ活用していきましょ！"
114501,5,"ギルドハウスのマナがいっぱいね。あたしに投資してみない？損はさせないわよ♪"
114501,6,"ギルドハウスで受け取れるアイテムがいっぱいだわ。子どもたちのプレゼントになる前に取りに来なさい！"
180101,1,"スタミナ全回復ー！ねえねえ騎士くん、早く一緒に冒険に行こうよー！"
180101,2,"ギルドハウスのスキップチケットがいっぱい！これがあれば、困っている人たちを早く助けられそう！"
180101,3,"ギルドハウスのスタミナがいっぱいだよ！えへへ…まだまだ一緒に特訓できそうだね♪"
180101,4,"ギルドハウスのEXPポーションがいっぱい！もっと強くなるために、二人でたくさん飲んじゃおー！"
180101,5,"ギルドハウスのマナがいっぱいだよ！変身してお腹がすいても、お店でお腹いーっぱい食べられそうだね♪"
180101,6,"ギルドハウスのアイテムが全部いっぱいになってる…騎士くんがいないとやっぱり寂しいな…早く戻ってこないかなー…"
114701,1,"スタミナが全回復だ！なあなあ、アタシと羽子板で勝負しないか？"
114701,2,"ギルドハウスのスキップチケットがいっぱいになってるな。コイツでカルタってできるかな？"
114701,3,"ギルドハウスのスタミナがいっぱいになったな。やることないならアタシと初詣に行くぞ！"
114701,4,"ギルドハウスのEXPポーションがいっぱいになってるな。甘酒代わりに飲みまくるぞ！"
114701,5,"ギルドハウスのマナがいっぱいになってるな。お年玉がわりにアタシがもらうぞ！いいのか？"
114701,6,"ギルドハウスで受け取れるアイテムが全部いっぱいだぞ！お正月だからってのんびりするな！アタシは暇だ！"
111801,1,"スタミナが全回復してますね！美味しくおせちを食べるためにも、運動してお腹をすかせましょう！"
111801,2,"ギルドハウスのスキップチケットがいっぱいですよ！おせち料理の早食い競争ができちゃいそうですね♪"
111801,3,"ギルドハウスのスタミナがいっぱいです！羽根つき、凧あげ、福笑いにかるた…お正月を遊び尽くしましょう！"
111801,4,"ギルドハウスのEXPポーションがいっぱいです！いっぱい飲めば、お腹も気合も満タンですよ！"
111801,5,"ギルドハウスのマナがいっぱいです！お年玉みたいでとってもうれしいですね！何を買いましょうか～？"
111801,6,"ギルドハウスで受け取れるアイテムが全部いっぱいですよ！えっへへ～♪最高のお正月にするためにどれから使いましょうか！"
115001,1,"スタミナが全回復したようですね。初詣に出かけますよ。貴方も付き合いなさい"
115001,2,"ギルドハウスのスキップチケットが貯まりました。これで正月の人混みを回避できますね"
115001,3,"ギルドハウスのスタミナが貯まりました。私と正月を過ごせること…もっと感謝してもいいんですよ"
115001,4,"ギルドハウスのEXPポーションがいっぱいですね。お年玉と同じく、使い道はよく考えるように"
115001,5,"ギルドハウスのマナが貯まっていますね。倹約は美徳ですが、使い時を見誤ってはいけませんよ"
115001,6,"ギルドハウスで受け取れるアイテムが全て貯まっていますね。正月らしく豪勢に振る舞うのも、また一興です"
115501,1,"スタミナが全回復いたしましたよ。わたくしに冒険のおともをさせてくださいまし"
115501,2,"ギルドハウスのスキップチケットがいっぱいになりました。わたくしたちの冒険を便利に進められそうですね"
115501,3,"ギルドハウスのスタミナがいっぱいになりましたよ。主さまと散策できるのを心待ちにしております♪"
115501,4,"ギルドハウスのEXPポーションがいっぱいです。主さまと歩み続けるため、どこまでも強くなりたいです"
115501,5,"ギルドハウスのマナがいっぱいになりましたよ。主さま、使い道はもうお決まりですか？"
115501,6,"ギルドハウスで受け取れるアイテムがいっぱいです。冒険をより良くするため、無駄なく活用いたしましょう"
115601,1,"騎士クン。スタミナが全回復してるよ。出かけるなら、精霊も一緒についていきたいんだって"
115601,2,"ギルドハウスのスキップチケットがいっぱいだね。これを使えば、精霊ともっと深くつながれそうな気がする"
115601,3,"ギルドハウスのスタミナがいっぱいになったよ。騎士クン、精霊と魔法の練習をするんだけど…ついてきてくれる？"
115601,4,"ギルドハウスのEXPポーションがいっぱいだよ。精霊を召喚するために、わたし自身も強くならないと…！"
115601,5,"ギルドハウスのマナがいっぱいになってるよ。わたしも精霊も、もっと成長できるかな…？"
115601,6,"騎士クン、ギルドハウスで受け取れるアイテムがいっぱいになってるよ。…えっと、精霊も心配してるから、受け取りに来てほしいな"
106401,1,"スタミナが全回復したわ。新しい冒険に出るには、良い頃合いじゃないかしら？"
106401,2,"ギルドハウスのスキップチケットがいっぱいになったわ。眼鏡の人、あなたを待っているみたいよ…もちろん私も、ね"
106401,3,"ギルドハウスのスタミナがいっぱいになったわね。たくさん食べて、栄養を補給しましょ"
106401,4,"ギルドハウスのEXPポーションがいっぱいになったわね。取りに来ないと、もらってしまうわよ。…冗談よ？"
106401,5,"ギルドハウスのマナがいっぱいになったみたいね。余らせてしまうのは、もったいないわよ？"
106401,6,"ギルドハウスで受け取れるアイテムが、全部いっぱいになっているわ。…あんまりほったらかしにされていると…その…さびしいのだけど…"
115701,1,"スタミナが全回復したよ助手くん。海での調査は体力が必要不可欠！さぁ張り切って調査開始だ！"
115701,2,"ギルドハウスのスキップチケットがいっぱいだよ。うまく活用してスマートに事件を解決、そして海辺のバカンスといこう♪"
115701,3,"ギルドハウスのスタミナがいっぱいになっている、か…これが海を舞台にした大事件の始まりだった…なんて、ね"
115701,4,"ギルドハウスのEXPポーションがいっぱいじゃないか！どうして気づかなかったんだい？海で遊び過ぎた？ふふ、困った助手くんだね♪"
115701,5,"ギルドハウスのマナがいっぱいと見た。君の雇い主として、使い道をしっかりと管理させてもらおうかな。まずは海の家にでも行こうか。お腹が空いてきたよ♪"
115701,6,"ギルドハウスで受け取れるアイテムが、すべていっぱい…何かの暗号かな？一つ一つ整理しながら、夏の真実へと近づくとしよう"
180601,1,"スタミナが全回復したわよ。使わないのはもったいないし、冒険に行くんならついてってあげてもいいわよ？"
180601,2,"ギルドハウスのスキップチケットがいっぱいみたいね。じゃんじゃんスキップして先に進みましょ！"
180601,3,"ギルドハウスのスタミナがいっぱいね。ちょうど体を動かしたい気分なの。少し散歩につき合ってくれない？"
180601,4,"ギルドハウスのEXPポーションがいっぱいだわ。強くなって損はないんだし、ぱーっと使っちゃいましょ"
180601,5,"ギルドハウスのマナがいっぱいよ！さっそく使っちゃいましょ。でも、使い道はしっかり考えなさいよ？"
180601,6,"ギルドハウスで受け取れるアイテムがいっぱいになったわ。もらえるものはちゃんともらっときましょ！"
115801,1,"スタミナが全回復したみたい！一緒に踊りましょ♪"
115801,2,"ギルドハウスのスキップチケットがいっぱいよ！レッスンがはかどるわね♪"
115801,3,"ギルドハウスのスタミナがいっぱいみたい。これで一緒にたくさん踊りのレッスンができるわね♪"
115801,4,"ギルドハウスのEXPポーションがいっぱいよ。これで上手に踊れるようになるわね♪"
115801,5,"ギルドハウスのマナがいっぱいよ！キラキラ光ってシャンデリアみたい♪"
115801,6,"ギルドハウスで受け取れるアイテムがいっぱいよ！早く取りに行きましょう♪"
115901,1,"スタミナが全回復したな！先陣を切る騎士狼の姿を見せてやるから、早く冒険に行こうぜ！"
115901,2,"ギルドハウスのスキップチケットがいっぱいだ。これがあれば探索も、早く、そして優雅に終わらせられるな♪"
115901,3,"ギルドハウスのスタミナがいっぱいだ！さっそく特訓といこうぜ！おまえにも、騎士みたいな華麗な剣術ってやつを仕込んでやるよ"
115901,4,"ギルドハウスのEXPポーションがいっぱいだな。あたしもみんなを守るために、もっと強くならねえとな！"
115901,5,"ギルドハウスのマナがいっぱいになってるぞ。余らしてもったいないし…その、ふ、二人で買い物にでもいかねえか？"
115901,6,"ギルドハウスで受け取れるアイテムが、全部いっぱいだぞ。ったく、整理しといてやるから、早く取りに来いよな…"
116001,1,"スタミナが全回復したようやわぁ。王子はん、一緒に舞踏会へ行きまひょ♪"
116001,2,"ギルドハウスのスキップチケットが貯まったみたいやなぁ。体も軽ぅなって、踊りやすくなります♪"
116001,3,"ギルドハウスのスタミナが貯まったようやなぁ。王子はん、もう一曲ダンスでもいかがどすか？"
116001,4,"ギルドハウスのEXPポーションがいっぱいやねぇ。これでうちもシンデレラみたいに大変身やわぁ♪"
116001,5,"ギルドハウスのマナが貯まってるようやわぁ。お祭りみたいにぱーっと楽しく使ってしまいまひょ♪"
116001,6,"ギルドハウスで受け取れるアイテムが全部貯まったみたいやわぁ。どない風に使うか、夢が広がりますなぁ♪"
116301,1,"ちぇる～ん☆先輩、スタミナが全回復しましたよ！さあ祭りの会場へ飛び込みましょう！"
116301,2,"ちぇる～ん☆先輩、ギルドハウスのスキップチケットがいっぱいになってます！飛ばしまくりフェス大開催ですね！"
116301,3,"ちぇる～ん☆先輩、ギルドハウスのスタミナがいっぱいになってます！少しはユニ先輩に分けてあげたらどうです？"
116301,4,"ちぇる～ん☆先輩、ギルドハウスのEXPポーションがいっぱいになってます！チエルがますます可愛くなりますよ！"
116301,5,"ちょっと先輩！ギルドハウスの貴重なマナが溢れかえってますよ！さすがのチエルもこれは引きます！"
116301,6,"先輩たいへんです！ギルドハウスで受け取れるアイテムが全部いっぱいです！ちぇるってる場合じゃありません！"
116201,1,"ぷー…べつにいんだけどさ、さりげスタミナ全回復してンだよね。ソッコーなんとかしてもらっていいすか"
116201,2,"あのさ。ギルドハウスのスキップチケット、クソほど余ってンだけど。そろそろ戻ってきた方がいんじゃないの"
116201,3,"あのさ。なんかギルドハウスのスタミナ、満タンなってるけど。少しはユニ先輩に分けたげた方がいんじゃないの"
116201,4,"あのさ。なんかギルドハウスのEXPポーション、売るほど余ってンだけど。え、売っちゃっていいのコレ"
116201,5,"あのさ。なんかギルドハウスのマナ、じゃぶじゃぶ溢れかえってンだけど。もったいなさすぎて草"
116201,6,"ちょーちょー、秒でギルドハウス来てくんない。全アイテム溜まりまくりフェス開催中つって。これマジでヤバだわ"
116501,1,"お兄さん！スタミナが全回復してるですよ！ビッグボスのあたしがついてってやるですから、冒険へ出発です！"
116501,2,"ギルドハウスのスキップチケットがいっぱいになってやがるです！早く回収してじゃんじゃん使うですよ！"
116501,3,"ギルドハウスのスタミナがいっぱいになってるですね。あり余る元気で下剋上するですよ！"
116501,4,"ギルドハウスのEXPポーションがいっぱいですよ。グビグビ飲んでパワーアップしてやるです！"
116501,5,"ギルドハウスのマナがいっぱいですね…ちょこっとくらいあたしがもらっちまっても大丈夫ですよね？"
116501,6,"ギルドハウスで受け取れるアイテムが全部いっぱいになってやがるです！さあビッグボス・イノリ様のために思う存分使うがいいですよ！"
